ISO-10303-21;
HEADER;
FILE_DESCRIPTION(('FreeCAD Model'),'2;1');
FILE_NAME('Open CASCADE Shape Model','2026-09-18T11:07:19',(''),(''),
  'Open CASCADE STEP processor 7.8','FreeCAD','Unknown');
FILE_SCHEMA(('AUTOMOTIVE_DESIGN { 1 0 10303 214 1 1 1 1 }'));
ENDSEC;
DATA;
#1 = APPLICATION_PROTOCOL_DEFINITION('international standard',
  'automotive_design',2000,#2);
#2 = APPLICATION_CONTEXT(
  'core data for automotive mechanical design processes');
#3 = SHAPE_DEFINITION_REPRESENTATION(#4,#10);
#4 = PRODUCT_DEFINITION_SHAPE('','',#5);
#5 = PRODUCT_DEFINITION('design','',#6,#9);
#6 = PRODUCT_DEFINITION_FORMATION('','',#7);
#7 = PRODUCT('AlwaysWake_case','AlwaysWake_case','',(#8));
#8 = PRODUCT_CONTEXT('',#2,'mechanical');
#9 = PRODUCT_DEFINITION_CONTEXT('part definition',#2,'design');
#10 = SHAPE_REPRESENTATION('',(#11,#15,#19),#23);
#11 = AXIS2_PLACEMENT_3D('',#12,#13,#14);
#12 = CARTESIAN_POINT('',(0.,0.,0.));
#13 = DIRECTION('',(0.,0.,1.));
#14 = DIRECTION('',(1.,0.,-0.));
#15 = AXIS2_PLACEMENT_3D('',#16,#17,#18);
#16 = CARTESIAN_POINT('',(0.,0.,45.));
#17 = DIRECTION('',(0.,0.,1.));
#18 = DIRECTION('',(1.,0.,0.));
#19 = AXIS2_PLACEMENT_3D('',#20,#21,#22);
#20 = CARTESIAN_POINT('',(0.,0.,0.));
#21 = DIRECTION('',(0.,0.,1.));
#22 = DIRECTION('',(1.,0.,0.));
#23 = ( GEOMETRIC_REPRESENTATION_CONTEXT(3) 
GLOBAL_UNCERTAINTY_ASSIGNED_CONTEXT((#27)) GLOBAL_UNIT_ASSIGNED_CONTEXT(
(#24,#25,#26)) REPRESENTATION_CONTEXT('Context #1',
  '3D Context with UNIT and UNCERTAINTY') );
#24 = ( LENGTH_UNIT() NAMED_UNIT(*) SI_UNIT(.MILLI.,.METRE.) );
#25 = ( NAMED_UNIT(*) PLANE_ANGLE_UNIT() SI_UNIT($,.RADIAN.) );
#26 = ( NAMED_UNIT(*) SI_UNIT($,.STERADIAN.) SOLID_ANGLE_UNIT() );
#27 = UNCERTAINTY_MEASURE_WITH_UNIT(LENGTH_MEASURE(1.E-07),#24,
  'distance_accuracy_value','confusion accuracy');
#28 = PRODUCT_RELATED_PRODUCT_CATEGORY('part',$,(#7));
#29 = SHAPE_DEFINITION_REPRESENTATION(#30,#36);
#30 = PRODUCT_DEFINITION_SHAPE('','',#31);
#31 = PRODUCT_DEFINITION('design','',#32,#35);
#32 = PRODUCT_DEFINITION_FORMATION('','',#33);
#33 = PRODUCT('lid','lid','',(#34));
#34 = PRODUCT_CONTEXT('',#2,'mechanical');
#35 = PRODUCT_DEFINITION_CONTEXT('part definition',#2,'design');
#36 = ADVANCED_BREP_SHAPE_REPRESENTATION('',(#11,#37),#659);
#37 = MANIFOLD_SOLID_BREP('',#38);
#38 = CLOSED_SHELL('',(#39,#79,#110,#141,#236,#331,#343,#368,#393,#418,
    #440,#457,#474,#486,#511,#536,#561,#586,#611,#623,#635,#647));
#39 = ADVANCED_FACE('',(#40),#74,.F.);
#40 = FACE_BOUND('',#41,.F.);
#41 = EDGE_LOOP('',(#42,#52,#60,#68));
#42 = ORIENTED_EDGE('',*,*,#43,.T.);
#43 = EDGE_CURVE('',#44,#46,#48,.T.);
#44 = VERTEX_POINT('',#45);
#45 = CARTESIAN_POINT('',(46.5,28.25,0.));
#46 = VERTEX_POINT('',#47);
#47 = CARTESIAN_POINT('',(46.5,28.25,1.5));
#48 = LINE('',#49,#50);
#49 = CARTESIAN_POINT('',(46.5,28.25,0.));
#50 = VECTOR('',#51,1.);
#51 = DIRECTION('',(0.,0.,1.));
#52 = ORIENTED_EDGE('',*,*,#53,.T.);
#53 = EDGE_CURVE('',#46,#54,#56,.T.);
#54 = VERTEX_POINT('',#55);
#55 = CARTESIAN_POINT('',(-46.5,28.25,1.5));
#56 = LINE('',#57,#58);
#57 = CARTESIAN_POINT('',(46.5,28.25,1.5));
#58 = VECTOR('',#59,1.);
#59 = DIRECTION('',(-1.,0.,0.));
#60 = ORIENTED_EDGE('',*,*,#61,.F.);
#61 = EDGE_CURVE('',#62,#54,#64,.T.);
#62 = VERTEX_POINT('',#63);
#63 = CARTESIAN_POINT('',(-46.5,28.25,0.));
#64 = LINE('',#65,#66);
#65 = CARTESIAN_POINT('',(-46.5,28.25,0.));
#66 = VECTOR('',#67,1.);
#67 = DIRECTION('',(0.,0.,1.));
#68 = ORIENTED_EDGE('',*,*,#69,.F.);
#69 = EDGE_CURVE('',#44,#62,#70,.T.);
#70 = LINE('',#71,#72);
#71 = CARTESIAN_POINT('',(46.5,28.25,0.));
#72 = VECTOR('',#73,1.);
#73 = DIRECTION('',(-1.,0.,0.));
#74 = PLANE('',#75);
#75 = AXIS2_PLACEMENT_3D('',#76,#77,#78);
#76 = CARTESIAN_POINT('',(46.5,28.25,0.));
#77 = DIRECTION('',(0.,-1.,0.));
#78 = DIRECTION('',(-1.,0.,0.));
#79 = ADVANCED_FACE('',(#80),#105,.F.);
#80 = FACE_BOUND('',#81,.F.);
#81 = EDGE_LOOP('',(#82,#92,#98,#99));
#82 = ORIENTED_EDGE('',*,*,#83,.T.);
#83 = EDGE_CURVE('',#84,#86,#88,.T.);
#84 = VERTEX_POINT('',#85);
#85 = CARTESIAN_POINT('',(46.5,-28.25,0.));
#86 = VERTEX_POINT('',#87);
#87 = CARTESIAN_POINT('',(46.5,-28.25,1.5));
#88 = LINE('',#89,#90);
#89 = CARTESIAN_POINT('',(46.5,-28.25,0.));
#90 = VECTOR('',#91,1.);
#91 = DIRECTION('',(0.,0.,1.));
#92 = ORIENTED_EDGE('',*,*,#93,.T.);
#93 = EDGE_CURVE('',#86,#46,#94,.T.);
#94 = LINE('',#95,#96);
#95 = CARTESIAN_POINT('',(46.5,-28.25,1.5));
#96 = VECTOR('',#97,1.);
#97 = DIRECTION('',(0.,1.,0.));
#98 = ORIENTED_EDGE('',*,*,#43,.F.);
#99 = ORIENTED_EDGE('',*,*,#100,.F.);
#100 = EDGE_CURVE('',#84,#44,#101,.T.);
#101 = LINE('',#102,#103);
#102 = CARTESIAN_POINT('',(46.5,-28.25,0.));
#103 = VECTOR('',#104,1.);
#104 = DIRECTION('',(0.,1.,0.));
#105 = PLANE('',#106);
#106 = AXIS2_PLACEMENT_3D('',#107,#108,#109);
#107 = CARTESIAN_POINT('',(46.5,-28.25,0.));
#108 = DIRECTION('',(-1.,0.,0.));
#109 = DIRECTION('',(0.,1.,0.));
#110 = ADVANCED_FACE('',(#111),#136,.F.);
#111 = FACE_BOUND('',#112,.F.);
#112 = EDGE_LOOP('',(#113,#114,#122,#130));
#113 = ORIENTED_EDGE('',*,*,#61,.T.);
#114 = ORIENTED_EDGE('',*,*,#115,.T.);
#115 = EDGE_CURVE('',#54,#116,#118,.T.);
#116 = VERTEX_POINT('',#117);
#117 = CARTESIAN_POINT('',(-46.5,-28.25,1.5));
#118 = LINE('',#119,#120);
#119 = CARTESIAN_POINT('',(-46.5,28.25,1.5));
#120 = VECTOR('',#121,1.);
#121 = DIRECTION('',(0.,-1.,0.));
#122 = ORIENTED_EDGE('',*,*,#123,.F.);
#123 = EDGE_CURVE('',#124,#116,#126,.T.);
#124 = VERTEX_POINT('',#125);
#125 = CARTESIAN_POINT('',(-46.5,-28.25,0.));
#126 = LINE('',#127,#128);
#127 = CARTESIAN_POINT('',(-46.5,-28.25,0.));
#128 = VECTOR('',#129,1.);
#129 = DIRECTION('',(0.,0.,1.));
#130 = ORIENTED_EDGE('',*,*,#131,.F.);
#131 = EDGE_CURVE('',#62,#124,#132,.T.);
#132 = LINE('',#133,#134);
#133 = CARTESIAN_POINT('',(-46.5,28.25,0.));
#134 = VECTOR('',#135,1.);
#135 = DIRECTION('',(0.,-1.,0.));
#136 = PLANE('',#137);
#137 = AXIS2_PLACEMENT_3D('',#138,#139,#140);
#138 = CARTESIAN_POINT('',(-46.5,28.25,0.));
#139 = DIRECTION('',(1.,0.,0.));
#140 = DIRECTION('',(0.,-1.,0.));
#141 = ADVANCED_FACE('',(#142,#153,#164,#175,#186,#220),#231,.T.);
#142 = FACE_BOUND('',#143,.T.);
#143 = EDGE_LOOP('',(#144,#145,#146,#152));
#144 = ORIENTED_EDGE('',*,*,#69,.F.);
#145 = ORIENTED_EDGE('',*,*,#100,.F.);
#146 = ORIENTED_EDGE('',*,*,#147,.F.);
#147 = EDGE_CURVE('',#124,#84,#148,.T.);
#148 = LINE('',#149,#150);
#149 = CARTESIAN_POINT('',(-46.5,-28.25,0.));
#150 = VECTOR('',#151,1.);
#151 = DIRECTION('',(1.,0.,0.));
#152 = ORIENTED_EDGE('',*,*,#131,.F.);
#153 = FACE_BOUND('',#154,.T.);
#154 = EDGE_LOOP('',(#155));
#155 = ORIENTED_EDGE('',*,*,#156,.F.);
#156 = EDGE_CURVE('',#157,#157,#159,.T.);
#157 = VERTEX_POINT('',#158);
#158 = CARTESIAN_POINT('',(44.7,-25.25,0.));
#159 = CIRCLE('',#160,1.7);
#160 = AXIS2_PLACEMENT_3D('',#161,#162,#163);
#161 = CARTESIAN_POINT('',(43.,-25.25,0.));
#162 = DIRECTION('',(0.,0.,-1.));
#163 = DIRECTION('',(1.,0.,0.));
#164 = FACE_BOUND('',#165,.T.);
#165 = EDGE_LOOP('',(#166));
#166 = ORIENTED_EDGE('',*,*,#167,.F.);
#167 = EDGE_CURVE('',#168,#168,#170,.T.);
#168 = VERTEX_POINT('',#169);
#169 = CARTESIAN_POINT('',(-41.3,-25.25,0.));
#170 = CIRCLE('',#171,1.7);
#171 = AXIS2_PLACEMENT_3D('',#172,#173,#174);
#172 = CARTESIAN_POINT('',(-43.,-25.25,0.));
#173 = DIRECTION('',(0.,0.,-1.));
#174 = DIRECTION('',(1.,0.,0.));
#175 = FACE_BOUND('',#176,.T.);
#176 = EDGE_LOOP('',(#177));
#177 = ORIENTED_EDGE('',*,*,#178,.F.);
#178 = EDGE_CURVE('',#179,#179,#181,.T.);
#179 = VERTEX_POINT('',#180);
#180 = CARTESIAN_POINT('',(44.7,25.25,0.));
#181 = CIRCLE('',#182,1.7);
#182 = AXIS2_PLACEMENT_3D('',#183,#184,#185);
#183 = CARTESIAN_POINT('',(43.,25.25,0.));
#184 = DIRECTION('',(0.,0.,-1.));
#185 = DIRECTION('',(1.,0.,0.));
#186 = FACE_BOUND('',#187,.T.);
#187 = EDGE_LOOP('',(#188,#198,#206,#214));
#188 = ORIENTED_EDGE('',*,*,#189,.T.);
#189 = EDGE_CURVE('',#190,#192,#194,.T.);
#190 = VERTEX_POINT('',#191);
#191 = CARTESIAN_POINT('',(36.88,14.75,0.));
#192 = VERTEX_POINT('',#193);
#193 = CARTESIAN_POINT('',(-37.34,14.75,0.));
#194 = LINE('',#195,#196);
#195 = CARTESIAN_POINT('',(36.88,14.75,0.));
#196 = VECTOR('',#197,1.);
#197 = DIRECTION('',(-1.,0.,0.));
#198 = ORIENTED_EDGE('',*,*,#199,.T.);
#199 = EDGE_CURVE('',#192,#200,#202,.T.);
#200 = VERTEX_POINT('',#201);
#201 = CARTESIAN_POINT('',(-37.34,-2.25,0.));
#202 = LINE('',#203,#204);
#203 = CARTESIAN_POINT('',(-37.34,14.75,0.));
#204 = VECTOR('',#205,1.);
#205 = DIRECTION('',(0.,-1.,0.));
#206 = ORIENTED_EDGE('',*,*,#207,.T.);
#207 = EDGE_CURVE('',#200,#208,#210,.T.);
#208 = VERTEX_POINT('',#209);
#209 = CARTESIAN_POINT('',(36.88,-2.25,0.));
#210 = LINE('',#211,#212);
#211 = CARTESIAN_POINT('',(-37.34,-2.25,0.));
#212 = VECTOR('',#213,1.);
#213 = DIRECTION('',(1.,0.,0.));
#214 = ORIENTED_EDGE('',*,*,#215,.T.);
#215 = EDGE_CURVE('',#208,#190,#216,.T.);
#216 = LINE('',#217,#218);
#217 = CARTESIAN_POINT('',(36.88,-2.25,0.));
#218 = VECTOR('',#219,1.);
#219 = DIRECTION('',(0.,1.,0.));
#220 = FACE_BOUND('',#221,.T.);
#221 = EDGE_LOOP('',(#222));
#222 = ORIENTED_EDGE('',*,*,#223,.F.);
#223 = EDGE_CURVE('',#224,#224,#226,.T.);
#224 = VERTEX_POINT('',#225);
#225 = CARTESIAN_POINT('',(-41.3,25.25,0.));
#226 = CIRCLE('',#227,1.7);
#227 = AXIS2_PLACEMENT_3D('',#228,#229,#230);
#228 = CARTESIAN_POINT('',(-43.,25.25,0.));
#229 = DIRECTION('',(0.,0.,-1.));
#230 = DIRECTION('',(1.,0.,0.));
#231 = PLANE('',#232);
#232 = AXIS2_PLACEMENT_3D('',#233,#234,#235);
#233 = CARTESIAN_POINT('',(0.,0.,0.));
#234 = DIRECTION('',(-0.,-0.,-1.));
#235 = DIRECTION('',(-1.,0.,0.));
#236 = ADVANCED_FACE('',(#237,#248,#259,#270,#304,#315),#326,.T.);
#237 = FACE_BOUND('',#238,.T.);
#238 = EDGE_LOOP('',(#239,#240,#241,#247));
#239 = ORIENTED_EDGE('',*,*,#53,.T.);
#240 = ORIENTED_EDGE('',*,*,#115,.T.);
#241 = ORIENTED_EDGE('',*,*,#242,.T.);
#242 = EDGE_CURVE('',#116,#86,#243,.T.);
#243 = LINE('',#244,#245);
#244 = CARTESIAN_POINT('',(-46.5,-28.25,1.5));
#245 = VECTOR('',#246,1.);
#246 = DIRECTION('',(1.,0.,0.));
#247 = ORIENTED_EDGE('',*,*,#93,.T.);
#248 = FACE_BOUND('',#249,.T.);
#249 = EDGE_LOOP('',(#250));
#250 = ORIENTED_EDGE('',*,*,#251,.F.);
#251 = EDGE_CURVE('',#252,#252,#254,.T.);
#252 = VERTEX_POINT('',#253);
#253 = CARTESIAN_POINT('',(-40.5,-25.25,1.5));
#254 = CIRCLE('',#255,2.5);
#255 = AXIS2_PLACEMENT_3D('',#256,#257,#258);
#256 = CARTESIAN_POINT('',(-43.,-25.25,1.5));
#257 = DIRECTION('',(0.,0.,1.));
#258 = DIRECTION('',(1.,0.,0.));
#259 = FACE_BOUND('',#260,.T.);
#260 = EDGE_LOOP('',(#261));
#261 = ORIENTED_EDGE('',*,*,#262,.F.);
#262 = EDGE_CURVE('',#263,#263,#265,.T.);
#263 = VERTEX_POINT('',#264);
#264 = CARTESIAN_POINT('',(45.5,-25.25,1.5));
#265 = CIRCLE('',#266,2.5);
#266 = AXIS2_PLACEMENT_3D('',#267,#268,#269);
#267 = CARTESIAN_POINT('',(43.,-25.25,1.5));
#268 = DIRECTION('',(0.,0.,1.));
#269 = DIRECTION('',(1.,0.,0.));
#270 = FACE_BOUND('',#271,.T.);
#271 = EDGE_LOOP('',(#272,#282,#290,#298));
#272 = ORIENTED_EDGE('',*,*,#273,.F.);
#273 = EDGE_CURVE('',#274,#276,#278,.T.);
#274 = VERTEX_POINT('',#275);
#275 = CARTESIAN_POINT('',(36.88,14.75,1.5));
#276 = VERTEX_POINT('',#277);
#277 = CARTESIAN_POINT('',(-37.34,14.75,1.5));
#278 = LINE('',#279,#280);
#279 = CARTESIAN_POINT('',(36.88,14.75,1.5));
#280 = VECTOR('',#281,1.);
#281 = DIRECTION('',(-1.,0.,0.));
#282 = ORIENTED_EDGE('',*,*,#283,.F.);
#283 = EDGE_CURVE('',#284,#274,#286,.T.);
#284 = VERTEX_POINT('',#285);
#285 = CARTESIAN_POINT('',(36.88,-2.25,1.5));
#286 = LINE('',#287,#288);
#287 = CARTESIAN_POINT('',(36.88,-2.25,1.5));
#288 = VECTOR('',#289,1.);
#289 = DIRECTION('',(0.,1.,0.));
#290 = ORIENTED_EDGE('',*,*,#291,.F.);
#291 = EDGE_CURVE('',#292,#284,#294,.T.);
#292 = VERTEX_POINT('',#293);
#293 = CARTESIAN_POINT('',(-37.34,-2.25,1.5));
#294 = LINE('',#295,#296);
#295 = CARTESIAN_POINT('',(-37.34,-2.25,1.5));
#296 = VECTOR('',#297,1.);
#297 = DIRECTION('',(1.,0.,0.));
#298 = ORIENTED_EDGE('',*,*,#299,.F.);
#299 = EDGE_CURVE('',#276,#292,#300,.T.);
#300 = LINE('',#301,#302);
#301 = CARTESIAN_POINT('',(-37.34,14.75,1.5));
#302 = VECTOR('',#303,1.);
#303 = DIRECTION('',(0.,-1.,0.));
#304 = FACE_BOUND('',#305,.T.);
#305 = EDGE_LOOP('',(#306));
#306 = ORIENTED_EDGE('',*,*,#307,.F.);
#307 = EDGE_CURVE('',#308,#308,#310,.T.);
#308 = VERTEX_POINT('',#309);
#309 = CARTESIAN_POINT('',(-40.5,25.25,1.5));
#310 = CIRCLE('',#311,2.5);
#311 = AXIS2_PLACEMENT_3D('',#312,#313,#314);
#312 = CARTESIAN_POINT('',(-43.,25.25,1.5));
#313 = DIRECTION('',(0.,0.,1.));
#314 = DIRECTION('',(1.,0.,0.));
#315 = FACE_BOUND('',#316,.T.);
#316 = EDGE_LOOP('',(#317));
#317 = ORIENTED_EDGE('',*,*,#318,.F.);
#318 = EDGE_CURVE('',#319,#319,#321,.T.);
#319 = VERTEX_POINT('',#320);
#320 = CARTESIAN_POINT('',(45.5,25.25,1.5));
#321 = CIRCLE('',#322,2.5);
#322 = AXIS2_PLACEMENT_3D('',#323,#324,#325);
#323 = CARTESIAN_POINT('',(43.,25.25,1.5));
#324 = DIRECTION('',(0.,0.,1.));
#325 = DIRECTION('',(1.,0.,0.));
#326 = PLANE('',#327);
#327 = AXIS2_PLACEMENT_3D('',#328,#329,#330);
#328 = CARTESIAN_POINT('',(0.,0.,1.5));
#329 = DIRECTION('',(0.,0.,1.));
#330 = DIRECTION('',(1.,0.,0.));
#331 = ADVANCED_FACE('',(#332),#338,.F.);
#332 = FACE_BOUND('',#333,.F.);
#333 = EDGE_LOOP('',(#334,#335,#336,#337));
#334 = ORIENTED_EDGE('',*,*,#123,.T.);
#335 = ORIENTED_EDGE('',*,*,#242,.T.);
#336 = ORIENTED_EDGE('',*,*,#83,.F.);
#337 = ORIENTED_EDGE('',*,*,#147,.F.);
#338 = PLANE('',#339);
#339 = AXIS2_PLACEMENT_3D('',#340,#341,#342);
#340 = CARTESIAN_POINT('',(-46.5,-28.25,0.));
#341 = DIRECTION('',(0.,1.,0.));
#342 = DIRECTION('',(1.,0.,0.));
#343 = ADVANCED_FACE('',(#344),#363,.F.);
#344 = FACE_BOUND('',#345,.T.);
#345 = EDGE_LOOP('',(#346,#354,#361,#362));
#346 = ORIENTED_EDGE('',*,*,#347,.F.);
#347 = EDGE_CURVE('',#348,#157,#350,.T.);
#348 = VERTEX_POINT('',#349);
#349 = CARTESIAN_POINT('',(44.7,-25.25,0.5));
#350 = LINE('',#351,#352);
#351 = CARTESIAN_POINT('',(44.7,-25.25,0.5));
#352 = VECTOR('',#353,1.);
#353 = DIRECTION('',(0.,0.,-1.));
#354 = ORIENTED_EDGE('',*,*,#355,.T.);
#355 = EDGE_CURVE('',#348,#348,#356,.T.);
#356 = CIRCLE('',#357,1.7);
#357 = AXIS2_PLACEMENT_3D('',#358,#359,#360);
#358 = CARTESIAN_POINT('',(43.,-25.25,0.5));
#359 = DIRECTION('',(0.,0.,1.));
#360 = DIRECTION('',(1.,0.,0.));
#361 = ORIENTED_EDGE('',*,*,#347,.T.);
#362 = ORIENTED_EDGE('',*,*,#156,.T.);
#363 = CYLINDRICAL_SURFACE('',#364,1.7);
#364 = AXIS2_PLACEMENT_3D('',#365,#366,#367);
#365 = CARTESIAN_POINT('',(43.,-25.25,0.5));
#366 = DIRECTION('',(-0.,-0.,-1.));
#367 = DIRECTION('',(1.,0.,0.));
#368 = ADVANCED_FACE('',(#369),#388,.F.);
#369 = FACE_BOUND('',#370,.T.);
#370 = EDGE_LOOP('',(#371,#379,#386,#387));
#371 = ORIENTED_EDGE('',*,*,#372,.F.);
#372 = EDGE_CURVE('',#373,#168,#375,.T.);
#373 = VERTEX_POINT('',#374);
#374 = CARTESIAN_POINT('',(-41.3,-25.25,0.5));
#375 = LINE('',#376,#377);
#376 = CARTESIAN_POINT('',(-41.3,-25.25,0.5));
#377 = VECTOR('',#378,1.);
#378 = DIRECTION('',(0.,0.,-1.));
#379 = ORIENTED_EDGE('',*,*,#380,.T.);
#380 = EDGE_CURVE('',#373,#373,#381,.T.);
#381 = CIRCLE('',#382,1.7);
#382 = AXIS2_PLACEMENT_3D('',#383,#384,#385);
#383 = CARTESIAN_POINT('',(-43.,-25.25,0.5));
#384 = DIRECTION('',(0.,0.,1.));
#385 = DIRECTION('',(1.,0.,0.));
#386 = ORIENTED_EDGE('',*,*,#372,.T.);
#387 = ORIENTED_EDGE('',*,*,#167,.T.);
#388 = CYLINDRICAL_SURFACE('',#389,1.7);
#389 = AXIS2_PLACEMENT_3D('',#390,#391,#392);
#390 = CARTESIAN_POINT('',(-43.,-25.25,0.5));
#391 = DIRECTION('',(-0.,-0.,-1.));
#392 = DIRECTION('',(1.,0.,0.));
#393 = ADVANCED_FACE('',(#394),#413,.F.);
#394 = FACE_BOUND('',#395,.T.);
#395 = EDGE_LOOP('',(#396,#404,#411,#412));
#396 = ORIENTED_EDGE('',*,*,#397,.F.);
#397 = EDGE_CURVE('',#398,#179,#400,.T.);
#398 = VERTEX_POINT('',#399);
#399 = CARTESIAN_POINT('',(44.7,25.25,0.5));
#400 = LINE('',#401,#402);
#401 = CARTESIAN_POINT('',(44.7,25.25,0.5));
#402 = VECTOR('',#403,1.);
#403 = DIRECTION('',(0.,0.,-1.));
#404 = ORIENTED_EDGE('',*,*,#405,.T.);
#405 = EDGE_CURVE('',#398,#398,#406,.T.);
#406 = CIRCLE('',#407,1.7);
#407 = AXIS2_PLACEMENT_3D('',#408,#409,#410);
#408 = CARTESIAN_POINT('',(43.,25.25,0.5));
#409 = DIRECTION('',(0.,0.,1.));
#410 = DIRECTION('',(1.,0.,0.));
#411 = ORIENTED_EDGE('',*,*,#397,.T.);
#412 = ORIENTED_EDGE('',*,*,#178,.T.);
#413 = CYLINDRICAL_SURFACE('',#414,1.7);
#414 = AXIS2_PLACEMENT_3D('',#415,#416,#417);
#415 = CARTESIAN_POINT('',(43.,25.25,0.5));
#416 = DIRECTION('',(-0.,-0.,-1.));
#417 = DIRECTION('',(1.,0.,0.));
#418 = ADVANCED_FACE('',(#419),#435,.T.);
#419 = FACE_BOUND('',#420,.T.);
#420 = EDGE_LOOP('',(#421,#427,#428,#434));
#421 = ORIENTED_EDGE('',*,*,#422,.T.);
#422 = EDGE_CURVE('',#190,#274,#423,.T.);
#423 = LINE('',#424,#425);
#424 = CARTESIAN_POINT('',(36.88,14.75,0.));
#425 = VECTOR('',#426,1.);
#426 = DIRECTION('',(0.,0.,1.));
#427 = ORIENTED_EDGE('',*,*,#273,.T.);
#428 = ORIENTED_EDGE('',*,*,#429,.F.);
#429 = EDGE_CURVE('',#192,#276,#430,.T.);
#430 = LINE('',#431,#432);
#431 = CARTESIAN_POINT('',(-37.34,14.75,0.));
#432 = VECTOR('',#433,1.);
#433 = DIRECTION('',(0.,0.,1.));
#434 = ORIENTED_EDGE('',*,*,#189,.F.);
#435 = PLANE('',#436);
#436 = AXIS2_PLACEMENT_3D('',#437,#438,#439);
#437 = CARTESIAN_POINT('',(36.88,14.75,0.));
#438 = DIRECTION('',(0.,-1.,0.));
#439 = DIRECTION('',(-1.,0.,0.));
#440 = ADVANCED_FACE('',(#441),#452,.T.);
#441 = FACE_BOUND('',#442,.T.);
#442 = EDGE_LOOP('',(#443,#449,#450,#451));
#443 = ORIENTED_EDGE('',*,*,#444,.T.);
#444 = EDGE_CURVE('',#208,#284,#445,.T.);
#445 = LINE('',#446,#447);
#446 = CARTESIAN_POINT('',(36.88,-2.25,0.));
#447 = VECTOR('',#448,1.);
#448 = DIRECTION('',(0.,0.,1.));
#449 = ORIENTED_EDGE('',*,*,#283,.T.);
#450 = ORIENTED_EDGE('',*,*,#422,.F.);
#451 = ORIENTED_EDGE('',*,*,#215,.F.);
#452 = PLANE('',#453);
#453 = AXIS2_PLACEMENT_3D('',#454,#455,#456);
#454 = CARTESIAN_POINT('',(36.88,-2.25,0.));
#455 = DIRECTION('',(-1.,0.,0.));
#456 = DIRECTION('',(0.,1.,0.));
#457 = ADVANCED_FACE('',(#458),#469,.T.);
#458 = FACE_BOUND('',#459,.T.);
#459 = EDGE_LOOP('',(#460,#461,#462,#468));
#460 = ORIENTED_EDGE('',*,*,#429,.T.);
#461 = ORIENTED_EDGE('',*,*,#299,.T.);
#462 = ORIENTED_EDGE('',*,*,#463,.F.);
#463 = EDGE_CURVE('',#200,#292,#464,.T.);
#464 = LINE('',#465,#466);
#465 = CARTESIAN_POINT('',(-37.34,-2.25,0.));
#466 = VECTOR('',#467,1.);
#467 = DIRECTION('',(0.,0.,1.));
#468 = ORIENTED_EDGE('',*,*,#199,.F.);
#469 = PLANE('',#470);
#470 = AXIS2_PLACEMENT_3D('',#471,#472,#473);
#471 = CARTESIAN_POINT('',(-37.34,14.75,0.));
#472 = DIRECTION('',(1.,0.,0.));
#473 = DIRECTION('',(0.,-1.,0.));
#474 = ADVANCED_FACE('',(#475),#481,.T.);
#475 = FACE_BOUND('',#476,.T.);
#476 = EDGE_LOOP('',(#477,#478,#479,#480));
#477 = ORIENTED_EDGE('',*,*,#463,.T.);
#478 = ORIENTED_EDGE('',*,*,#291,.T.);
#479 = ORIENTED_EDGE('',*,*,#444,.F.);
#480 = ORIENTED_EDGE('',*,*,#207,.F.);
#481 = PLANE('',#482);
#482 = AXIS2_PLACEMENT_3D('',#483,#484,#485);
#483 = CARTESIAN_POINT('',(-37.34,-2.25,0.));
#484 = DIRECTION('',(0.,1.,0.));
#485 = DIRECTION('',(1.,0.,0.));
#486 = ADVANCED_FACE('',(#487),#506,.F.);
#487 = FACE_BOUND('',#488,.T.);
#488 = EDGE_LOOP('',(#489,#497,#504,#505));
#489 = ORIENTED_EDGE('',*,*,#490,.F.);
#490 = EDGE_CURVE('',#491,#224,#493,.T.);
#491 = VERTEX_POINT('',#492);
#492 = CARTESIAN_POINT('',(-41.3,25.25,0.5));
#493 = LINE('',#494,#495);
#494 = CARTESIAN_POINT('',(-41.3,25.25,0.5));
#495 = VECTOR('',#496,1.);
#496 = DIRECTION('',(0.,0.,-1.));
#497 = ORIENTED_EDGE('',*,*,#498,.T.);
#498 = EDGE_CURVE('',#491,#491,#499,.T.);
#499 = CIRCLE('',#500,1.7);
#500 = AXIS2_PLACEMENT_3D('',#501,#502,#503);
#501 = CARTESIAN_POINT('',(-43.,25.25,0.5));
#502 = DIRECTION('',(0.,0.,1.));
#503 = DIRECTION('',(1.,0.,0.));
#504 = ORIENTED_EDGE('',*,*,#490,.T.);
#505 = ORIENTED_EDGE('',*,*,#223,.T.);
#506 = CYLINDRICAL_SURFACE('',#507,1.7);
#507 = AXIS2_PLACEMENT_3D('',#508,#509,#510);
#508 = CARTESIAN_POINT('',(-43.,25.25,0.5));
#509 = DIRECTION('',(-0.,-0.,-1.));
#510 = DIRECTION('',(1.,0.,0.));
#511 = ADVANCED_FACE('',(#512),#531,.F.);
#512 = FACE_BOUND('',#513,.T.);
#513 = EDGE_LOOP('',(#514,#522,#523,#524));
#514 = ORIENTED_EDGE('',*,*,#515,.F.);
#515 = EDGE_CURVE('',#252,#516,#518,.T.);
#516 = VERTEX_POINT('',#517);
#517 = CARTESIAN_POINT('',(-40.5,-25.25,0.5));
#518 = LINE('',#519,#520);
#519 = CARTESIAN_POINT('',(-40.5,-25.25,1.5));
#520 = VECTOR('',#521,1.);
#521 = DIRECTION('',(0.,0.,-1.));
#522 = ORIENTED_EDGE('',*,*,#251,.T.);
#523 = ORIENTED_EDGE('',*,*,#515,.T.);
#524 = ORIENTED_EDGE('',*,*,#525,.F.);
#525 = EDGE_CURVE('',#516,#516,#526,.T.);
#526 = CIRCLE('',#527,2.5);
#527 = AXIS2_PLACEMENT_3D('',#528,#529,#530);
#528 = CARTESIAN_POINT('',(-43.,-25.25,0.5));
#529 = DIRECTION('',(0.,0.,1.));
#530 = DIRECTION('',(1.,0.,0.));
#531 = CYLINDRICAL_SURFACE('',#532,2.5);
#532 = AXIS2_PLACEMENT_3D('',#533,#534,#535);
#533 = CARTESIAN_POINT('',(-43.,-25.25,1.5));
#534 = DIRECTION('',(-0.,-0.,-1.));
#535 = DIRECTION('',(1.,0.,0.));
#536 = ADVANCED_FACE('',(#537),#556,.F.);
#537 = FACE_BOUND('',#538,.T.);
#538 = EDGE_LOOP('',(#539,#547,#548,#549));
#539 = ORIENTED_EDGE('',*,*,#540,.F.);
#540 = EDGE_CURVE('',#263,#541,#543,.T.);
#541 = VERTEX_POINT('',#542);
#542 = CARTESIAN_POINT('',(45.5,-25.25,0.5));
#543 = LINE('',#544,#545);
#544 = CARTESIAN_POINT('',(45.5,-25.25,1.5));
#545 = VECTOR('',#546,1.);
#546 = DIRECTION('',(0.,0.,-1.));
#547 = ORIENTED_EDGE('',*,*,#262,.T.);
#548 = ORIENTED_EDGE('',*,*,#540,.T.);
#549 = ORIENTED_EDGE('',*,*,#550,.F.);
#550 = EDGE_CURVE('',#541,#541,#551,.T.);
#551 = CIRCLE('',#552,2.5);
#552 = AXIS2_PLACEMENT_3D('',#553,#554,#555);
#553 = CARTESIAN_POINT('',(43.,-25.25,0.5));
#554 = DIRECTION('',(0.,0.,1.));
#555 = DIRECTION('',(1.,0.,0.));
#556 = CYLINDRICAL_SURFACE('',#557,2.5);
#557 = AXIS2_PLACEMENT_3D('',#558,#559,#560);
#558 = CARTESIAN_POINT('',(43.,-25.25,1.5));
#559 = DIRECTION('',(-0.,-0.,-1.));
#560 = DIRECTION('',(1.,0.,0.));
#561 = ADVANCED_FACE('',(#562),#581,.F.);
#562 = FACE_BOUND('',#563,.T.);
#563 = EDGE_LOOP('',(#564,#572,#573,#574));
#564 = ORIENTED_EDGE('',*,*,#565,.F.);
#565 = EDGE_CURVE('',#308,#566,#568,.T.);
#566 = VERTEX_POINT('',#567);
#567 = CARTESIAN_POINT('',(-40.5,25.25,0.5));
#568 = LINE('',#569,#570);
#569 = CARTESIAN_POINT('',(-40.5,25.25,1.5));
#570 = VECTOR('',#571,1.);
#571 = DIRECTION('',(0.,0.,-1.));
#572 = ORIENTED_EDGE('',*,*,#307,.T.);
#573 = ORIENTED_EDGE('',*,*,#565,.T.);
#574 = ORIENTED_EDGE('',*,*,#575,.F.);
#575 = EDGE_CURVE('',#566,#566,#576,.T.);
#576 = CIRCLE('',#577,2.5);
#577 = AXIS2_PLACEMENT_3D('',#578,#579,#580);
#578 = CARTESIAN_POINT('',(-43.,25.25,0.5));
#579 = DIRECTION('',(0.,0.,1.));
#580 = DIRECTION('',(1.,0.,0.));
#581 = CYLINDRICAL_SURFACE('',#582,2.5);
#582 = AXIS2_PLACEMENT_3D('',#583,#584,#585);
#583 = CARTESIAN_POINT('',(-43.,25.25,1.5));
#584 = DIRECTION('',(-0.,-0.,-1.));
#585 = DIRECTION('',(1.,0.,0.));
#586 = ADVANCED_FACE('',(#587),#606,.F.);
#587 = FACE_BOUND('',#588,.T.);
#588 = EDGE_LOOP('',(#589,#597,#598,#599));
#589 = ORIENTED_EDGE('',*,*,#590,.F.);
#590 = EDGE_CURVE('',#319,#591,#593,.T.);
#591 = VERTEX_POINT('',#592);
#592 = CARTESIAN_POINT('',(45.5,25.25,0.5));
#593 = LINE('',#594,#595);
#594 = CARTESIAN_POINT('',(45.5,25.25,1.5));
#595 = VECTOR('',#596,1.);
#596 = DIRECTION('',(0.,0.,-1.));
#597 = ORIENTED_EDGE('',*,*,#318,.T.);
#598 = ORIENTED_EDGE('',*,*,#590,.T.);
#599 = ORIENTED_EDGE('',*,*,#600,.F.);
#600 = EDGE_CURVE('',#591,#591,#601,.T.);
#601 = CIRCLE('',#602,2.5);
#602 = AXIS2_PLACEMENT_3D('',#603,#604,#605);
#603 = CARTESIAN_POINT('',(43.,25.25,0.5));
#604 = DIRECTION('',(0.,0.,1.));
#605 = DIRECTION('',(1.,0.,0.));
#606 = CYLINDRICAL_SURFACE('',#607,2.5);
#607 = AXIS2_PLACEMENT_3D('',#608,#609,#610);
#608 = CARTESIAN_POINT('',(43.,25.25,1.5));
#609 = DIRECTION('',(-0.,-0.,-1.));
#610 = DIRECTION('',(1.,0.,0.));
#611 = ADVANCED_FACE('',(#612,#615),#618,.T.);
#612 = FACE_BOUND('',#613,.T.);
#613 = EDGE_LOOP('',(#614));
#614 = ORIENTED_EDGE('',*,*,#550,.T.);
#615 = FACE_BOUND('',#616,.T.);
#616 = EDGE_LOOP('',(#617));
#617 = ORIENTED_EDGE('',*,*,#355,.F.);
#618 = PLANE('',#619);
#619 = AXIS2_PLACEMENT_3D('',#620,#621,#622);
#620 = CARTESIAN_POINT('',(43.,-25.25,0.5));
#621 = DIRECTION('',(0.,0.,1.));
#622 = DIRECTION('',(1.,0.,0.));
#623 = ADVANCED_FACE('',(#624,#627),#630,.T.);
#624 = FACE_BOUND('',#625,.T.);
#625 = EDGE_LOOP('',(#626));
#626 = ORIENTED_EDGE('',*,*,#525,.T.);
#627 = FACE_BOUND('',#628,.T.);
#628 = EDGE_LOOP('',(#629));
#629 = ORIENTED_EDGE('',*,*,#380,.F.);
#630 = PLANE('',#631);
#631 = AXIS2_PLACEMENT_3D('',#632,#633,#634);
#632 = CARTESIAN_POINT('',(-43.,-25.25,0.5));
#633 = DIRECTION('',(0.,0.,1.));
#634 = DIRECTION('',(1.,0.,0.));
#635 = ADVANCED_FACE('',(#636,#639),#642,.T.);
#636 = FACE_BOUND('',#637,.T.);
#637 = EDGE_LOOP('',(#638));
#638 = ORIENTED_EDGE('',*,*,#600,.T.);
#639 = FACE_BOUND('',#640,.T.);
#640 = EDGE_LOOP('',(#641));
#641 = ORIENTED_EDGE('',*,*,#405,.F.);
#642 = PLANE('',#643);
#643 = AXIS2_PLACEMENT_3D('',#644,#645,#646);
#644 = CARTESIAN_POINT('',(43.,25.25,0.5));
#645 = DIRECTION('',(0.,0.,1.));
#646 = DIRECTION('',(1.,0.,0.));
#647 = ADVANCED_FACE('',(#648,#651),#654,.T.);
#648 = FACE_BOUND('',#649,.T.);
#649 = EDGE_LOOP('',(#650));
#650 = ORIENTED_EDGE('',*,*,#575,.T.);
#651 = FACE_BOUND('',#652,.T.);
#652 = EDGE_LOOP('',(#653));
#653 = ORIENTED_EDGE('',*,*,#498,.F.);
#654 = PLANE('',#655);
#655 = AXIS2_PLACEMENT_3D('',#656,#657,#658);
#656 = CARTESIAN_POINT('',(-43.,25.25,0.5));
#657 = DIRECTION('',(0.,0.,1.));
#658 = DIRECTION('',(1.,0.,0.));
#659 = ( GEOMETRIC_REPRESENTATION_CONTEXT(3) 
GLOBAL_UNCERTAINTY_ASSIGNED_CONTEXT((#663)) GLOBAL_UNIT_ASSIGNED_CONTEXT
((#660,#661,#662)) REPRESENTATION_CONTEXT('Context #1',
  '3D Context with UNIT and UNCERTAINTY') );
#660 = ( LENGTH_UNIT() NAMED_UNIT(*) SI_UNIT(.MILLI.,.METRE.) );
#661 = ( NAMED_UNIT(*) PLANE_ANGLE_UNIT() SI_UNIT($,.RADIAN.) );
#662 = ( NAMED_UNIT(*) SI_UNIT($,.STERADIAN.) SOLID_ANGLE_UNIT() );
#663 = UNCERTAINTY_MEASURE_WITH_UNIT(LENGTH_MEASURE(1.E-07),#660,
  'distance_accuracy_value','confusion accuracy');
#664 = CONTEXT_DEPENDENT_SHAPE_REPRESENTATION(#665,#667);
#665 = ( REPRESENTATION_RELATIONSHIP('','',#36,#10) 
REPRESENTATION_RELATIONSHIP_WITH_TRANSFORMATION(#666) 
SHAPE_REPRESENTATION_RELATIONSHIP() );
#666 = ITEM_DEFINED_TRANSFORMATION('','',#11,#15);
#667 = PRODUCT_DEFINITION_SHAPE('Placement','Placement of an item',#668
  );
#668 = NEXT_ASSEMBLY_USAGE_OCCURRENCE('1','lid','',#5,#31,$);
#669 = PRODUCT_RELATED_PRODUCT_CATEGORY('part',$,(#33));
#670 = SHAPE_DEFINITION_REPRESENTATION(#671,#677);
#671 = PRODUCT_DEFINITION_SHAPE('','',#672);
#672 = PRODUCT_DEFINITION('design','',#673,#676);
#673 = PRODUCT_DEFINITION_FORMATION('','',#674);
#674 = PRODUCT('Main','Main','',(#675));
#675 = PRODUCT_CONTEXT('',#2,'mechanical');
#676 = PRODUCT_DEFINITION_CONTEXT('part definition',#2,'design');
#677 = ADVANCED_BREP_SHAPE_REPRESENTATION('',(#11,#678),#2560);
#678 = MANIFOLD_SOLID_BREP('',#679);
#679 = CLOSED_SHELL('',(#680,#790,#821,#846,#871,#895,#919,#944,#969,
    #986,#1119,#1143,#1245,#1262,#1335,#1381,#1412,#1436,#1460,#1477,
    #1508,#1532,#1556,#1573,#1604,#1628,#1652,#1669,#1694,#1719,#1848,
    #1904,#1978,#2003,#2028,#2054,#2072,#2090,#2112,#2134,#2156,#2173,
    #2190,#2202,#2220,#2238,#2255,#2273,#2295,#2323,#2341,#2352,#2370,
    #2388,#2413,#2438,#2463,#2488,#2506,#2524,#2542));
#680 = ADVANCED_FACE('',(#681,#751),#785,.F.);
#681 = FACE_BOUND('',#682,.F.);
#682 = EDGE_LOOP('',(#683,#693,#702,#710,#719,#727,#736,#744));
#683 = ORIENTED_EDGE('',*,*,#684,.T.);
#684 = EDGE_CURVE('',#685,#687,#689,.T.);
#685 = VERTEX_POINT('',#686);
#686 = CARTESIAN_POINT('',(2.95,-28.25,39.4));
#687 = VERTEX_POINT('',#688);
#688 = CARTESIAN_POINT('',(-3.35,-28.25,39.4));
#689 = LINE('',#690,#691);
#690 = CARTESIAN_POINT('',(4.4,-28.25,39.4));
#691 = VECTOR('',#692,1.);
#692 = DIRECTION('',(-1.,0.,0.));
#693 = ORIENTED_EDGE('',*,*,#694,.T.);
#694 = EDGE_CURVE('',#687,#695,#697,.T.);
#695 = VERTEX_POINT('',#696);
#696 = CARTESIAN_POINT('',(-4.8,-28.25,37.95));
#697 = CIRCLE('',#698,1.45);
#698 = AXIS2_PLACEMENT_3D('',#699,#700,#701);
#699 = CARTESIAN_POINT('',(-3.35,-28.25,37.95));
#700 = DIRECTION('',(0.,-1.,2.2E-16));
#701 = DIRECTION('',(0.,2.2E-16,1.));
#702 = ORIENTED_EDGE('',*,*,#703,.T.);
#703 = EDGE_CURVE('',#695,#704,#706,.T.);
#704 = VERTEX_POINT('',#705);
#705 = CARTESIAN_POINT('',(-4.8,-28.25,37.35));
#706 = LINE('',#707,#708);
#707 = CARTESIAN_POINT('',(-4.8,-28.25,39.4));
#708 = VECTOR('',#709,1.);
#709 = DIRECTION('',(0.,0.,-1.));
#710 = ORIENTED_EDGE('',*,*,#711,.F.);
#711 = EDGE_CURVE('',#712,#704,#714,.T.);
#712 = VERTEX_POINT('',#713);
#713 = CARTESIAN_POINT('',(-3.35,-28.25,35.9));
#714 = CIRCLE('',#715,1.45);
#715 = AXIS2_PLACEMENT_3D('',#716,#717,#718);
#716 = CARTESIAN_POINT('',(-3.35,-28.25,37.35));
#717 = DIRECTION('',(0.,1.,-2.2E-16));
#718 = DIRECTION('',(0.,2.2E-16,1.));
#719 = ORIENTED_EDGE('',*,*,#720,.T.);
#720 = EDGE_CURVE('',#712,#721,#723,.T.);
#721 = VERTEX_POINT('',#722);
#722 = CARTESIAN_POINT('',(2.95,-28.25,35.9));
#723 = LINE('',#724,#725);
#724 = CARTESIAN_POINT('',(-4.8,-28.25,35.9));
#725 = VECTOR('',#726,1.);
#726 = DIRECTION('',(1.,0.,0.));
#727 = ORIENTED_EDGE('',*,*,#728,.F.);
#728 = EDGE_CURVE('',#729,#721,#731,.T.);
#729 = VERTEX_POINT('',#730);
#730 = CARTESIAN_POINT('',(4.4,-28.25,37.35));
#731 = CIRCLE('',#732,1.45);
#732 = AXIS2_PLACEMENT_3D('',#733,#734,#735);
#733 = CARTESIAN_POINT('',(2.95,-28.25,37.35));
#734 = DIRECTION('',(0.,1.,-2.2E-16));
#735 = DIRECTION('',(0.,2.2E-16,1.));
#736 = ORIENTED_EDGE('',*,*,#737,.T.);
#737 = EDGE_CURVE('',#729,#738,#740,.T.);
#738 = VERTEX_POINT('',#739);
#739 = CARTESIAN_POINT('',(4.4,-28.25,37.95));
#740 = LINE('',#741,#742);
#741 = CARTESIAN_POINT('',(4.4,-28.25,35.9));
#742 = VECTOR('',#743,1.);
#743 = DIRECTION('',(0.,0.,1.));
#744 = ORIENTED_EDGE('',*,*,#745,.F.);
#745 = EDGE_CURVE('',#685,#738,#746,.T.);
#746 = CIRCLE('',#747,1.45);
#747 = AXIS2_PLACEMENT_3D('',#748,#749,#750);
#748 = CARTESIAN_POINT('',(2.95,-28.25,37.95));
#749 = DIRECTION('',(0.,1.,-2.2E-16));
#750 = DIRECTION('',(0.,2.2E-16,1.));
#751 = FACE_BOUND('',#752,.F.);
#752 = EDGE_LOOP('',(#753,#763,#771,#779));
#753 = ORIENTED_EDGE('',*,*,#754,.T.);
#754 = EDGE_CURVE('',#755,#757,#759,.T.);
#755 = VERTEX_POINT('',#756);
#756 = CARTESIAN_POINT('',(-46.5,-28.25,0.));
#757 = VERTEX_POINT('',#758);
#758 = CARTESIAN_POINT('',(-46.5,-28.25,45.));
#759 = LINE('',#760,#761);
#760 = CARTESIAN_POINT('',(-46.5,-28.25,0.));
#761 = VECTOR('',#762,1.);
#762 = DIRECTION('',(0.,0.,1.));
#763 = ORIENTED_EDGE('',*,*,#764,.T.);
#764 = EDGE_CURVE('',#757,#765,#767,.T.);
#765 = VERTEX_POINT('',#766);
#766 = CARTESIAN_POINT('',(46.5,-28.25,45.));
#767 = LINE('',#768,#769);
#768 = CARTESIAN_POINT('',(-46.5,-28.25,45.));
#769 = VECTOR('',#770,1.);
#770 = DIRECTION('',(1.,0.,0.));
#771 = ORIENTED_EDGE('',*,*,#772,.F.);
#772 = EDGE_CURVE('',#773,#765,#775,.T.);
#773 = VERTEX_POINT('',#774);
#774 = CARTESIAN_POINT('',(46.5,-28.25,0.));
#775 = LINE('',#776,#777);
#776 = CARTESIAN_POINT('',(46.5,-28.25,0.));
#777 = VECTOR('',#778,1.);
#778 = DIRECTION('',(0.,0.,1.));
#779 = ORIENTED_EDGE('',*,*,#780,.F.);
#780 = EDGE_CURVE('',#755,#773,#781,.T.);
#781 = LINE('',#782,#783);
#782 = CARTESIAN_POINT('',(-46.5,-28.25,0.));
#783 = VECTOR('',#784,1.);
#784 = DIRECTION('',(1.,0.,0.));
#785 = PLANE('',#786);
#786 = AXIS2_PLACEMENT_3D('',#787,#788,#789);
#787 = CARTESIAN_POINT('',(-46.5,-28.25,0.));
#788 = DIRECTION('',(0.,1.,0.));
#789 = DIRECTION('',(1.,0.,0.));
#790 = ADVANCED_FACE('',(#791),#816,.F.);
#791 = FACE_BOUND('',#792,.F.);
#792 = EDGE_LOOP('',(#793,#794,#802,#810));
#793 = ORIENTED_EDGE('',*,*,#684,.F.);
#794 = ORIENTED_EDGE('',*,*,#795,.T.);
#795 = EDGE_CURVE('',#685,#796,#798,.T.);
#796 = VERTEX_POINT('',#797);
#797 = CARTESIAN_POINT('',(2.95,-26.25,39.4));
#798 = LINE('',#799,#800);
#799 = CARTESIAN_POINT('',(2.95,-28.25,39.4));
#800 = VECTOR('',#801,1.);
#801 = DIRECTION('',(0.,1.,-2.2E-16));
#802 = ORIENTED_EDGE('',*,*,#803,.T.);
#803 = EDGE_CURVE('',#796,#804,#806,.T.);
#804 = VERTEX_POINT('',#805);
#805 = CARTESIAN_POINT('',(-3.35,-26.25,39.4));
#806 = LINE('',#807,#808);
#807 = CARTESIAN_POINT('',(-17.55,-26.25,39.4));
#808 = VECTOR('',#809,1.);
#809 = DIRECTION('',(-1.,0.,0.));
#810 = ORIENTED_EDGE('',*,*,#811,.F.);
#811 = EDGE_CURVE('',#687,#804,#812,.T.);
#812 = LINE('',#813,#814);
#813 = CARTESIAN_POINT('',(-3.35,-28.25,39.4));
#814 = VECTOR('',#815,1.);
#815 = DIRECTION('',(0.,1.,-2.2E-16));
#816 = PLANE('',#817);
#817 = AXIS2_PLACEMENT_3D('',#818,#819,#820);
#818 = CARTESIAN_POINT('',(4.4,-28.25,39.4));
#819 = DIRECTION('',(0.,2.2E-16,1.));
#820 = DIRECTION('',(-1.,0.,0.));
#821 = ADVANCED_FACE('',(#822),#841,.F.);
#822 = FACE_BOUND('',#823,.F.);
#823 = EDGE_LOOP('',(#824,#825,#833,#840));
#824 = ORIENTED_EDGE('',*,*,#745,.T.);
#825 = ORIENTED_EDGE('',*,*,#826,.T.);
#826 = EDGE_CURVE('',#738,#827,#829,.T.);
#827 = VERTEX_POINT('',#828);
#828 = CARTESIAN_POINT('',(4.4,-26.25,37.95));
#829 = LINE('',#830,#831);
#830 = CARTESIAN_POINT('',(4.4,-28.25,37.95));
#831 = VECTOR('',#832,1.);
#832 = DIRECTION('',(0.,1.,-2.2E-16));
#833 = ORIENTED_EDGE('',*,*,#834,.F.);
#834 = EDGE_CURVE('',#796,#827,#835,.T.);
#835 = CIRCLE('',#836,1.45);
#836 = AXIS2_PLACEMENT_3D('',#837,#838,#839);
#837 = CARTESIAN_POINT('',(2.95,-26.25,37.95));
#838 = DIRECTION('',(0.,1.,-2.2E-16));
#839 = DIRECTION('',(0.,2.2E-16,1.));
#840 = ORIENTED_EDGE('',*,*,#795,.F.);
#841 = CYLINDRICAL_SURFACE('',#842,1.45);
#842 = AXIS2_PLACEMENT_3D('',#843,#844,#845);
#843 = CARTESIAN_POINT('',(2.95,-28.25,37.95));
#844 = DIRECTION('',(0.,1.,-2.2E-16));
#845 = DIRECTION('',(0.,2.2E-16,1.));
#846 = ADVANCED_FACE('',(#847),#866,.F.);
#847 = FACE_BOUND('',#848,.T.);
#848 = EDGE_LOOP('',(#849,#850,#858,#865));
#849 = ORIENTED_EDGE('',*,*,#694,.T.);
#850 = ORIENTED_EDGE('',*,*,#851,.T.);
#851 = EDGE_CURVE('',#695,#852,#854,.T.);
#852 = VERTEX_POINT('',#853);
#853 = CARTESIAN_POINT('',(-4.8,-26.25,37.95));
#854 = LINE('',#855,#856);
#855 = CARTESIAN_POINT('',(-4.8,-28.25,37.95));
#856 = VECTOR('',#857,1.);
#857 = DIRECTION('',(0.,1.,-2.2E-16));
#858 = ORIENTED_EDGE('',*,*,#859,.F.);
#859 = EDGE_CURVE('',#804,#852,#860,.T.);
#860 = CIRCLE('',#861,1.45);
#861 = AXIS2_PLACEMENT_3D('',#862,#863,#864);
#862 = CARTESIAN_POINT('',(-3.35,-26.25,37.95));
#863 = DIRECTION('',(0.,-1.,2.2E-16));
#864 = DIRECTION('',(0.,2.2E-16,1.));
#865 = ORIENTED_EDGE('',*,*,#811,.F.);
#866 = CYLINDRICAL_SURFACE('',#867,1.45);
#867 = AXIS2_PLACEMENT_3D('',#868,#869,#870);
#868 = CARTESIAN_POINT('',(-3.35,-28.25,37.95));
#869 = DIRECTION('',(0.,1.,-2.2E-16));
#870 = DIRECTION('',(0.,2.2E-16,1.));
#871 = ADVANCED_FACE('',(#872),#890,.F.);
#872 = FACE_BOUND('',#873,.F.);
#873 = EDGE_LOOP('',(#874,#875,#883,#889));
#874 = ORIENTED_EDGE('',*,*,#737,.F.);
#875 = ORIENTED_EDGE('',*,*,#876,.T.);
#876 = EDGE_CURVE('',#729,#877,#879,.T.);
#877 = VERTEX_POINT('',#878);
#878 = CARTESIAN_POINT('',(4.4,-26.25,37.35));
#879 = LINE('',#880,#881);
#880 = CARTESIAN_POINT('',(4.4,-28.25,37.35));
#881 = VECTOR('',#882,1.);
#882 = DIRECTION('',(0.,1.,-2.2E-16));
#883 = ORIENTED_EDGE('',*,*,#884,.T.);
#884 = EDGE_CURVE('',#877,#827,#885,.T.);
#885 = LINE('',#886,#887);
#886 = CARTESIAN_POINT('',(4.4,-26.25,17.95));
#887 = VECTOR('',#888,1.);
#888 = DIRECTION('',(0.,0.,1.));
#889 = ORIENTED_EDGE('',*,*,#826,.F.);
#890 = PLANE('',#891);
#891 = AXIS2_PLACEMENT_3D('',#892,#893,#894);
#892 = CARTESIAN_POINT('',(4.4,-28.25,35.9));
#893 = DIRECTION('',(1.,0.,0.));
#894 = DIRECTION('',(0.,2.2E-16,1.));
#895 = ADVANCED_FACE('',(#896),#914,.F.);
#896 = FACE_BOUND('',#897,.F.);
#897 = EDGE_LOOP('',(#898,#899,#900,#908));
#898 = ORIENTED_EDGE('',*,*,#703,.F.);
#899 = ORIENTED_EDGE('',*,*,#851,.T.);
#900 = ORIENTED_EDGE('',*,*,#901,.T.);
#901 = EDGE_CURVE('',#852,#902,#904,.T.);
#902 = VERTEX_POINT('',#903);
#903 = CARTESIAN_POINT('',(-4.8,-26.25,37.35));
#904 = LINE('',#905,#906);
#905 = CARTESIAN_POINT('',(-4.8,-26.25,19.7));
#906 = VECTOR('',#907,1.);
#907 = DIRECTION('',(0.,0.,-1.));
#908 = ORIENTED_EDGE('',*,*,#909,.F.);
#909 = EDGE_CURVE('',#704,#902,#910,.T.);
#910 = LINE('',#911,#912);
#911 = CARTESIAN_POINT('',(-4.8,-28.25,37.35));
#912 = VECTOR('',#913,1.);
#913 = DIRECTION('',(0.,1.,-2.2E-16));
#914 = PLANE('',#915);
#915 = AXIS2_PLACEMENT_3D('',#916,#917,#918);
#916 = CARTESIAN_POINT('',(-4.8,-28.25,39.4));
#917 = DIRECTION('',(-1.,0.,0.));
#918 = DIRECTION('',(-0.,-2.2E-16,-1.));
#919 = ADVANCED_FACE('',(#920),#939,.F.);
#920 = FACE_BOUND('',#921,.F.);
#921 = EDGE_LOOP('',(#922,#923,#931,#938));
#922 = ORIENTED_EDGE('',*,*,#728,.T.);
#923 = ORIENTED_EDGE('',*,*,#924,.T.);
#924 = EDGE_CURVE('',#721,#925,#927,.T.);
#925 = VERTEX_POINT('',#926);
#926 = CARTESIAN_POINT('',(2.95,-26.25,35.9));
#927 = LINE('',#928,#929);
#928 = CARTESIAN_POINT('',(2.95,-28.25,35.9));
#929 = VECTOR('',#930,1.);
#930 = DIRECTION('',(0.,1.,-2.2E-16));
#931 = ORIENTED_EDGE('',*,*,#932,.F.);
#932 = EDGE_CURVE('',#877,#925,#933,.T.);
#933 = CIRCLE('',#934,1.45);
#934 = AXIS2_PLACEMENT_3D('',#935,#936,#937);
#935 = CARTESIAN_POINT('',(2.95,-26.25,37.35));
#936 = DIRECTION('',(0.,1.,-2.2E-16));
#937 = DIRECTION('',(0.,2.2E-16,1.));
#938 = ORIENTED_EDGE('',*,*,#876,.F.);
#939 = CYLINDRICAL_SURFACE('',#940,1.45);
#940 = AXIS2_PLACEMENT_3D('',#941,#942,#943);
#941 = CARTESIAN_POINT('',(2.95,-28.25,37.35));
#942 = DIRECTION('',(0.,1.,-2.2E-16));
#943 = DIRECTION('',(1.,0.,0.));
#944 = ADVANCED_FACE('',(#945),#964,.F.);
#945 = FACE_BOUND('',#946,.F.);
#946 = EDGE_LOOP('',(#947,#948,#949,#958));
#947 = ORIENTED_EDGE('',*,*,#711,.T.);
#948 = ORIENTED_EDGE('',*,*,#909,.T.);
#949 = ORIENTED_EDGE('',*,*,#950,.F.);
#950 = EDGE_CURVE('',#951,#902,#953,.T.);
#951 = VERTEX_POINT('',#952);
#952 = CARTESIAN_POINT('',(-3.35,-26.25,35.9));
#953 = CIRCLE('',#954,1.45);
#954 = AXIS2_PLACEMENT_3D('',#955,#956,#957);
#955 = CARTESIAN_POINT('',(-3.35,-26.25,37.35));
#956 = DIRECTION('',(0.,1.,-2.2E-16));
#957 = DIRECTION('',(0.,2.2E-16,1.));
#958 = ORIENTED_EDGE('',*,*,#959,.F.);
#959 = EDGE_CURVE('',#712,#951,#960,.T.);
#960 = LINE('',#961,#962);
#961 = CARTESIAN_POINT('',(-3.35,-28.25,35.9));
#962 = VECTOR('',#963,1.);
#963 = DIRECTION('',(0.,1.,-2.2E-16));
#964 = CYLINDRICAL_SURFACE('',#965,1.45);
#965 = AXIS2_PLACEMENT_3D('',#966,#967,#968);
#966 = CARTESIAN_POINT('',(-3.35,-28.25,37.35));
#967 = DIRECTION('',(0.,1.,-2.2E-16));
#968 = DIRECTION('',(0.,-2.2E-16,-1.));
#969 = ADVANCED_FACE('',(#970),#981,.F.);
#970 = FACE_BOUND('',#971,.F.);
#971 = EDGE_LOOP('',(#972,#973,#974,#980));
#972 = ORIENTED_EDGE('',*,*,#720,.F.);
#973 = ORIENTED_EDGE('',*,*,#959,.T.);
#974 = ORIENTED_EDGE('',*,*,#975,.T.);
#975 = EDGE_CURVE('',#951,#925,#976,.T.);
#976 = LINE('',#977,#978);
#977 = CARTESIAN_POINT('',(-22.15,-26.25,35.9));
#978 = VECTOR('',#979,1.);
#979 = DIRECTION('',(1.,0.,0.));
#980 = ORIENTED_EDGE('',*,*,#924,.F.);
#981 = PLANE('',#982);
#982 = AXIS2_PLACEMENT_3D('',#983,#984,#985);
#983 = CARTESIAN_POINT('',(-4.8,-28.25,35.9));
#984 = DIRECTION('',(0.,-2.2E-16,-1.));
#985 = DIRECTION('',(1.,0.,0.));
#986 = ADVANCED_FACE('',(#987,#1012,#1046,#1080),#1114,.F.);
#987 = FACE_BOUND('',#988,.F.);
#988 = EDGE_LOOP('',(#989,#999,#1005,#1006));
#989 = ORIENTED_EDGE('',*,*,#990,.T.);
#990 = EDGE_CURVE('',#991,#993,#995,.T.);
#991 = VERTEX_POINT('',#992);
#992 = CARTESIAN_POINT('',(-46.5,28.25,0.));
#993 = VERTEX_POINT('',#994);
#994 = CARTESIAN_POINT('',(-46.5,28.25,45.));
#995 = LINE('',#996,#997);
#996 = CARTESIAN_POINT('',(-46.5,28.25,0.));
#997 = VECTOR('',#998,1.);
#998 = DIRECTION('',(0.,0.,1.));
#999 = ORIENTED_EDGE('',*,*,#1000,.T.);
#1000 = EDGE_CURVE('',#993,#757,#1001,.T.);
#1001 = LINE('',#1002,#1003);
#1002 = CARTESIAN_POINT('',(-46.5,28.25,45.));
#1003 = VECTOR('',#1004,1.);
#1004 = DIRECTION('',(0.,-1.,0.));
#1005 = ORIENTED_EDGE('',*,*,#754,.F.);
#1006 = ORIENTED_EDGE('',*,*,#1007,.F.);
#1007 = EDGE_CURVE('',#991,#755,#1008,.T.);
#1008 = LINE('',#1009,#1010);
#1009 = CARTESIAN_POINT('',(-46.5,28.25,0.));
#1010 = VECTOR('',#1011,1.);
#1011 = DIRECTION('',(0.,-1.,0.));
#1012 = FACE_BOUND('',#1013,.F.);
#1013 = EDGE_LOOP('',(#1014,#1024,#1032,#1040));
#1014 = ORIENTED_EDGE('',*,*,#1015,.T.);
#1015 = EDGE_CURVE('',#1016,#1018,#1020,.T.);
#1016 = VERTEX_POINT('',#1017);
#1017 = CARTESIAN_POINT('',(-46.5,-7.,35.));
#1018 = VERTEX_POINT('',#1019);
#1019 = CARTESIAN_POINT('',(-46.5,-5.,35.));
#1020 = LINE('',#1021,#1022);
#1021 = CARTESIAN_POINT('',(-46.5,-7.,35.));
#1022 = VECTOR('',#1023,1.);
#1023 = DIRECTION('',(0.,1.,0.));
#1024 = ORIENTED_EDGE('',*,*,#1025,.T.);
#1025 = EDGE_CURVE('',#1018,#1026,#1028,.T.);
#1026 = VERTEX_POINT('',#1027);
#1027 = CARTESIAN_POINT('',(-46.5,-5.,15.));
#1028 = LINE('',#1029,#1030);
#1029 = CARTESIAN_POINT('',(-46.5,-5.,35.));
#1030 = VECTOR('',#1031,1.);
#1031 = DIRECTION('',(0.,0.,-1.));
#1032 = ORIENTED_EDGE('',*,*,#1033,.T.);
#1033 = EDGE_CURVE('',#1026,#1034,#1036,.T.);
#1034 = VERTEX_POINT('',#1035);
#1035 = CARTESIAN_POINT('',(-46.5,-7.,15.));
#1036 = LINE('',#1037,#1038);
#1037 = CARTESIAN_POINT('',(-46.5,-5.,15.));
#1038 = VECTOR('',#1039,1.);
#1039 = DIRECTION('',(0.,-1.,0.));
#1040 = ORIENTED_EDGE('',*,*,#1041,.T.);
#1041 = EDGE_CURVE('',#1034,#1016,#1042,.T.);
#1042 = LINE('',#1043,#1044);
#1043 = CARTESIAN_POINT('',(-46.5,-7.,15.));
#1044 = VECTOR('',#1045,1.);
#1045 = DIRECTION('',(0.,0.,1.));
#1046 = FACE_BOUND('',#1047,.F.);
#1047 = EDGE_LOOP('',(#1048,#1058,#1066,#1074));
#1048 = ORIENTED_EDGE('',*,*,#1049,.T.);
#1049 = EDGE_CURVE('',#1050,#1052,#1054,.T.);
#1050 = VERTEX_POINT('',#1051);
#1051 = CARTESIAN_POINT('',(-46.5,-9.,35.));
#1052 = VERTEX_POINT('',#1053);
#1053 = CARTESIAN_POINT('',(-46.5,-9.,15.));
#1054 = LINE('',#1055,#1056);
#1055 = CARTESIAN_POINT('',(-46.5,-9.,35.));
#1056 = VECTOR('',#1057,1.);
#1057 = DIRECTION('',(0.,0.,-1.));
#1058 = ORIENTED_EDGE('',*,*,#1059,.T.);
#1059 = EDGE_CURVE('',#1052,#1060,#1062,.T.);
#1060 = VERTEX_POINT('',#1061);
#1061 = CARTESIAN_POINT('',(-46.5,-11.,15.));
#1062 = LINE('',#1063,#1064);
#1063 = CARTESIAN_POINT('',(-46.5,-9.,15.));
#1064 = VECTOR('',#1065,1.);
#1065 = DIRECTION('',(0.,-1.,0.));
#1066 = ORIENTED_EDGE('',*,*,#1067,.T.);
#1067 = EDGE_CURVE('',#1060,#1068,#1070,.T.);
#1068 = VERTEX_POINT('',#1069);
#1069 = CARTESIAN_POINT('',(-46.5,-11.,35.));
#1070 = LINE('',#1071,#1072);
#1071 = CARTESIAN_POINT('',(-46.5,-11.,15.));
#1072 = VECTOR('',#1073,1.);
#1073 = DIRECTION('',(0.,0.,1.));
#1074 = ORIENTED_EDGE('',*,*,#1075,.T.);
#1075 = EDGE_CURVE('',#1068,#1050,#1076,.T.);
#1076 = LINE('',#1077,#1078);
#1077 = CARTESIAN_POINT('',(-46.5,-11.,35.));
#1078 = VECTOR('',#1079,1.);
#1079 = DIRECTION('',(0.,1.,0.));
#1080 = FACE_BOUND('',#1081,.F.);
#1081 = EDGE_LOOP('',(#1082,#1092,#1100,#1108));
#1082 = ORIENTED_EDGE('',*,*,#1083,.T.);
#1083 = EDGE_CURVE('',#1084,#1086,#1088,.T.);
#1084 = VERTEX_POINT('',#1085);
#1085 = CARTESIAN_POINT('',(-46.5,-13.,35.));
#1086 = VERTEX_POINT('',#1087);
#1087 = CARTESIAN_POINT('',(-46.5,-13.,15.));
#1088 = LINE('',#1089,#1090);
#1089 = CARTESIAN_POINT('',(-46.5,-13.,35.));
#1090 = VECTOR('',#1091,1.);
#1091 = DIRECTION('',(0.,0.,-1.));
#1092 = ORIENTED_EDGE('',*,*,#1093,.T.);
#1093 = EDGE_CURVE('',#1086,#1094,#1096,.T.);
#1094 = VERTEX_POINT('',#1095);
#1095 = CARTESIAN_POINT('',(-46.5,-15.,15.));
#1096 = LINE('',#1097,#1098);
#1097 = CARTESIAN_POINT('',(-46.5,-13.,15.));
#1098 = VECTOR('',#1099,1.);
#1099 = DIRECTION('',(0.,-1.,0.));
#1100 = ORIENTED_EDGE('',*,*,#1101,.T.);
#1101 = EDGE_CURVE('',#1094,#1102,#1104,.T.);
#1102 = VERTEX_POINT('',#1103);
#1103 = CARTESIAN_POINT('',(-46.5,-15.,35.));
#1104 = LINE('',#1105,#1106);
#1105 = CARTESIAN_POINT('',(-46.5,-15.,15.));
#1106 = VECTOR('',#1107,1.);
#1107 = DIRECTION('',(0.,0.,1.));
#1108 = ORIENTED_EDGE('',*,*,#1109,.T.);
#1109 = EDGE_CURVE('',#1102,#1084,#1110,.T.);
#1110 = LINE('',#1111,#1112);
#1111 = CARTESIAN_POINT('',(-46.5,-15.,35.));
#1112 = VECTOR('',#1113,1.);
#1113 = DIRECTION('',(0.,1.,0.));
#1114 = PLANE('',#1115);
#1115 = AXIS2_PLACEMENT_3D('',#1116,#1117,#1118);
#1116 = CARTESIAN_POINT('',(-46.5,28.25,0.));
#1117 = DIRECTION('',(1.,0.,0.));
#1118 = DIRECTION('',(0.,-1.,0.));
#1119 = ADVANCED_FACE('',(#1120),#1138,.T.);
#1120 = FACE_BOUND('',#1121,.T.);
#1121 = EDGE_LOOP('',(#1122,#1130,#1136,#1137));
#1122 = ORIENTED_EDGE('',*,*,#1123,.F.);
#1123 = EDGE_CURVE('',#1124,#991,#1126,.T.);
#1124 = VERTEX_POINT('',#1125);
#1125 = CARTESIAN_POINT('',(46.5,28.25,0.));
#1126 = LINE('',#1127,#1128);
#1127 = CARTESIAN_POINT('',(46.5,28.25,0.));
#1128 = VECTOR('',#1129,1.);
#1129 = DIRECTION('',(-1.,0.,0.));
#1130 = ORIENTED_EDGE('',*,*,#1131,.F.);
#1131 = EDGE_CURVE('',#773,#1124,#1132,.T.);
#1132 = LINE('',#1133,#1134);
#1133 = CARTESIAN_POINT('',(46.5,-28.25,0.));
#1134 = VECTOR('',#1135,1.);
#1135 = DIRECTION('',(0.,1.,0.));
#1136 = ORIENTED_EDGE('',*,*,#780,.F.);
#1137 = ORIENTED_EDGE('',*,*,#1007,.F.);
#1138 = PLANE('',#1139);
#1139 = AXIS2_PLACEMENT_3D('',#1140,#1141,#1142);
#1140 = CARTESIAN_POINT('',(0.,0.,0.));
#1141 = DIRECTION('',(-0.,-0.,-1.));
#1142 = DIRECTION('',(-1.,0.,0.));
#1143 = ADVANCED_FACE('',(#1144,#1162,#1173,#1184,#1218,#1229),#1240,.T.
  );
#1144 = FACE_BOUND('',#1145,.T.);
#1145 = EDGE_LOOP('',(#1146,#1154,#1155,#1156));
#1146 = ORIENTED_EDGE('',*,*,#1147,.T.);
#1147 = EDGE_CURVE('',#1148,#993,#1150,.T.);
#1148 = VERTEX_POINT('',#1149);
#1149 = CARTESIAN_POINT('',(46.5,28.25,45.));
#1150 = LINE('',#1151,#1152);
#1151 = CARTESIAN_POINT('',(46.5,28.25,45.));
#1152 = VECTOR('',#1153,1.);
#1153 = DIRECTION('',(-1.,0.,0.));
#1154 = ORIENTED_EDGE('',*,*,#1000,.T.);
#1155 = ORIENTED_EDGE('',*,*,#764,.T.);
#1156 = ORIENTED_EDGE('',*,*,#1157,.T.);
#1157 = EDGE_CURVE('',#765,#1148,#1158,.T.);
#1158 = LINE('',#1159,#1160);
#1159 = CARTESIAN_POINT('',(46.5,-28.25,45.));
#1160 = VECTOR('',#1161,1.);
#1161 = DIRECTION('',(0.,1.,0.));
#1162 = FACE_BOUND('',#1163,.T.);
#1163 = EDGE_LOOP('',(#1164));
#1164 = ORIENTED_EDGE('',*,*,#1165,.F.);
#1165 = EDGE_CURVE('',#1166,#1166,#1168,.T.);
#1166 = VERTEX_POINT('',#1167);
#1167 = CARTESIAN_POINT('',(-41.1,-25.25,45.));
#1168 = CIRCLE('',#1169,1.9);
#1169 = AXIS2_PLACEMENT_3D('',#1170,#1171,#1172);
#1170 = CARTESIAN_POINT('',(-43.,-25.25,45.));
#1171 = DIRECTION('',(0.,0.,1.));
#1172 = DIRECTION('',(1.,0.,0.));
#1173 = FACE_BOUND('',#1174,.T.);
#1174 = EDGE_LOOP('',(#1175));
#1175 = ORIENTED_EDGE('',*,*,#1176,.F.);
#1176 = EDGE_CURVE('',#1177,#1177,#1179,.T.);
#1177 = VERTEX_POINT('',#1178);
#1178 = CARTESIAN_POINT('',(44.9,-25.25,45.));
#1179 = CIRCLE('',#1180,1.9);
#1180 = AXIS2_PLACEMENT_3D('',#1181,#1182,#1183);
#1181 = CARTESIAN_POINT('',(43.,-25.25,45.));
#1182 = DIRECTION('',(0.,0.,1.));
#1183 = DIRECTION('',(1.,0.,0.));
#1184 = FACE_BOUND('',#1185,.T.);
#1185 = EDGE_LOOP('',(#1186,#1196,#1204,#1212));
#1186 = ORIENTED_EDGE('',*,*,#1187,.F.);
#1187 = EDGE_CURVE('',#1188,#1190,#1192,.T.);
#1188 = VERTEX_POINT('',#1189);
#1189 = CARTESIAN_POINT('',(39.5,26.25,45.));
#1190 = VERTEX_POINT('',#1191);
#1191 = CARTESIAN_POINT('',(-39.5,26.25,45.));
#1192 = LINE('',#1193,#1194);
#1193 = CARTESIAN_POINT('',(-30.5,26.25,45.));
#1194 = VECTOR('',#1195,1.);
#1195 = DIRECTION('',(-1.,0.,0.));
#1196 = ORIENTED_EDGE('',*,*,#1197,.F.);
#1197 = EDGE_CURVE('',#1198,#1188,#1200,.T.);
#1198 = VERTEX_POINT('',#1199);
#1199 = CARTESIAN_POINT('',(39.5,-26.25,45.));
#1200 = LINE('',#1201,#1202);
#1201 = CARTESIAN_POINT('',(39.5,17.25,45.));
#1202 = VECTOR('',#1203,1.);
#1203 = DIRECTION('',(0.,1.,0.));
#1204 = ORIENTED_EDGE('',*,*,#1205,.F.);
#1205 = EDGE_CURVE('',#1206,#1198,#1208,.T.);
#1206 = VERTEX_POINT('',#1207);
#1207 = CARTESIAN_POINT('',(-39.5,-26.25,45.));
#1208 = LINE('',#1209,#1210);
#1209 = CARTESIAN_POINT('',(-39.5,-26.25,45.));
#1210 = VECTOR('',#1211,1.);
#1211 = DIRECTION('',(1.,0.,0.));
#1212 = ORIENTED_EDGE('',*,*,#1213,.F.);
#1213 = EDGE_CURVE('',#1190,#1206,#1214,.T.);
#1214 = LINE('',#1215,#1216);
#1215 = CARTESIAN_POINT('',(-39.5,26.25,45.));
#1216 = VECTOR('',#1217,1.);
#1217 = DIRECTION('',(0.,-1.,0.));
#1218 = FACE_BOUND('',#1219,.T.);
#1219 = EDGE_LOOP('',(#1220));
#1220 = ORIENTED_EDGE('',*,*,#1221,.F.);
#1221 = EDGE_CURVE('',#1222,#1222,#1224,.T.);
#1222 = VERTEX_POINT('',#1223);
#1223 = CARTESIAN_POINT('',(-41.1,25.25,45.));
#1224 = CIRCLE('',#1225,1.9);
#1225 = AXIS2_PLACEMENT_3D('',#1226,#1227,#1228);
#1226 = CARTESIAN_POINT('',(-43.,25.25,45.));
#1227 = DIRECTION('',(0.,0.,1.));
#1228 = DIRECTION('',(1.,0.,0.));
#1229 = FACE_BOUND('',#1230,.T.);
#1230 = EDGE_LOOP('',(#1231));
#1231 = ORIENTED_EDGE('',*,*,#1232,.F.);
#1232 = EDGE_CURVE('',#1233,#1233,#1235,.T.);
#1233 = VERTEX_POINT('',#1234);
#1234 = CARTESIAN_POINT('',(44.9,25.25,45.));
#1235 = CIRCLE('',#1236,1.9);
#1236 = AXIS2_PLACEMENT_3D('',#1237,#1238,#1239);
#1237 = CARTESIAN_POINT('',(43.,25.25,45.));
#1238 = DIRECTION('',(0.,0.,1.));
#1239 = DIRECTION('',(1.,0.,0.));
#1240 = PLANE('',#1241);
#1241 = AXIS2_PLACEMENT_3D('',#1242,#1243,#1244);
#1242 = CARTESIAN_POINT('',(1.52E-15,1.52E-15,45.));
#1243 = DIRECTION('',(0.,0.,1.));
#1244 = DIRECTION('',(1.,0.,0.));
#1245 = ADVANCED_FACE('',(#1246),#1257,.F.);
#1246 = FACE_BOUND('',#1247,.F.);
#1247 = EDGE_LOOP('',(#1248,#1249,#1250,#1256));
#1248 = ORIENTED_EDGE('',*,*,#772,.T.);
#1249 = ORIENTED_EDGE('',*,*,#1157,.T.);
#1250 = ORIENTED_EDGE('',*,*,#1251,.F.);
#1251 = EDGE_CURVE('',#1124,#1148,#1252,.T.);
#1252 = LINE('',#1253,#1254);
#1253 = CARTESIAN_POINT('',(46.5,28.25,0.));
#1254 = VECTOR('',#1255,1.);
#1255 = DIRECTION('',(0.,0.,1.));
#1256 = ORIENTED_EDGE('',*,*,#1131,.F.);
#1257 = PLANE('',#1258);
#1258 = AXIS2_PLACEMENT_3D('',#1259,#1260,#1261);
#1259 = CARTESIAN_POINT('',(46.5,-28.25,0.));
#1260 = DIRECTION('',(-1.,0.,0.));
#1261 = DIRECTION('',(0.,1.,0.));
#1262 = ADVANCED_FACE('',(#1263,#1273),#1330,.T.);
#1263 = FACE_BOUND('',#1264,.T.);
#1264 = EDGE_LOOP('',(#1265,#1266,#1267,#1268,#1269,#1270,#1271,#1272));
#1265 = ORIENTED_EDGE('',*,*,#803,.T.);
#1266 = ORIENTED_EDGE('',*,*,#859,.T.);
#1267 = ORIENTED_EDGE('',*,*,#901,.T.);
#1268 = ORIENTED_EDGE('',*,*,#950,.F.);
#1269 = ORIENTED_EDGE('',*,*,#975,.T.);
#1270 = ORIENTED_EDGE('',*,*,#932,.F.);
#1271 = ORIENTED_EDGE('',*,*,#884,.T.);
#1272 = ORIENTED_EDGE('',*,*,#834,.F.);
#1273 = FACE_BOUND('',#1274,.T.);
#1274 = EDGE_LOOP('',(#1275,#1285,#1293,#1301,#1307,#1308,#1316,#1324));
#1275 = ORIENTED_EDGE('',*,*,#1276,.F.);
#1276 = EDGE_CURVE('',#1277,#1279,#1281,.T.);
#1277 = VERTEX_POINT('',#1278);
#1278 = CARTESIAN_POINT('',(-30.5,-26.25,5.));
#1279 = VERTEX_POINT('',#1280);
#1280 = CARTESIAN_POINT('',(30.5,-26.25,5.));
#1281 = LINE('',#1282,#1283);
#1282 = CARTESIAN_POINT('',(-39.5,-26.25,5.));
#1283 = VECTOR('',#1284,1.);
#1284 = DIRECTION('',(1.,0.,0.));
#1285 = ORIENTED_EDGE('',*,*,#1286,.T.);
#1286 = EDGE_CURVE('',#1277,#1287,#1289,.T.);
#1287 = VERTEX_POINT('',#1288);
#1288 = CARTESIAN_POINT('',(-30.5,-26.25,41.));
#1289 = LINE('',#1290,#1291);
#1290 = CARTESIAN_POINT('',(-30.5,-26.25,5.));
#1291 = VECTOR('',#1292,1.);
#1292 = DIRECTION('',(0.,0.,1.));
#1293 = ORIENTED_EDGE('',*,*,#1294,.F.);
#1294 = EDGE_CURVE('',#1295,#1287,#1297,.T.);
#1295 = VERTEX_POINT('',#1296);
#1296 = CARTESIAN_POINT('',(-39.5,-26.25,41.));
#1297 = LINE('',#1298,#1299);
#1298 = CARTESIAN_POINT('',(-39.5,-26.25,41.));
#1299 = VECTOR('',#1300,1.);
#1300 = DIRECTION('',(1.,0.,0.));
#1301 = ORIENTED_EDGE('',*,*,#1302,.T.);
#1302 = EDGE_CURVE('',#1295,#1206,#1303,.T.);
#1303 = LINE('',#1304,#1305);
#1304 = CARTESIAN_POINT('',(-39.5,-26.25,0.));
#1305 = VECTOR('',#1306,1.);
#1306 = DIRECTION('',(0.,0.,1.));
#1307 = ORIENTED_EDGE('',*,*,#1205,.T.);
#1308 = ORIENTED_EDGE('',*,*,#1309,.F.);
#1309 = EDGE_CURVE('',#1310,#1198,#1312,.T.);
#1310 = VERTEX_POINT('',#1311);
#1311 = CARTESIAN_POINT('',(39.5,-26.25,41.));
#1312 = LINE('',#1313,#1314);
#1313 = CARTESIAN_POINT('',(39.5,-26.25,0.));
#1314 = VECTOR('',#1315,1.);
#1315 = DIRECTION('',(0.,0.,1.));
#1316 = ORIENTED_EDGE('',*,*,#1317,.F.);
#1317 = EDGE_CURVE('',#1318,#1310,#1320,.T.);
#1318 = VERTEX_POINT('',#1319);
#1319 = CARTESIAN_POINT('',(30.5,-26.25,41.));
#1320 = LINE('',#1321,#1322);
#1321 = CARTESIAN_POINT('',(30.5,-26.25,41.));
#1322 = VECTOR('',#1323,1.);
#1323 = DIRECTION('',(1.,0.,0.));
#1324 = ORIENTED_EDGE('',*,*,#1325,.F.);
#1325 = EDGE_CURVE('',#1279,#1318,#1326,.T.);
#1326 = LINE('',#1327,#1328);
#1327 = CARTESIAN_POINT('',(30.5,-26.25,5.));
#1328 = VECTOR('',#1329,1.);
#1329 = DIRECTION('',(0.,0.,1.));
#1330 = PLANE('',#1331);
#1331 = AXIS2_PLACEMENT_3D('',#1332,#1333,#1334);
#1332 = CARTESIAN_POINT('',(-39.5,-26.25,0.));
#1333 = DIRECTION('',(0.,1.,0.));
#1334 = DIRECTION('',(1.,0.,0.));
#1335 = ADVANCED_FACE('',(#1336,#1342),#1376,.F.);
#1336 = FACE_BOUND('',#1337,.F.);
#1337 = EDGE_LOOP('',(#1338,#1339,#1340,#1341));
#1338 = ORIENTED_EDGE('',*,*,#1251,.T.);
#1339 = ORIENTED_EDGE('',*,*,#1147,.T.);
#1340 = ORIENTED_EDGE('',*,*,#990,.F.);
#1341 = ORIENTED_EDGE('',*,*,#1123,.F.);
#1342 = FACE_BOUND('',#1343,.F.);
#1343 = EDGE_LOOP('',(#1344,#1354,#1362,#1370));
#1344 = ORIENTED_EDGE('',*,*,#1345,.T.);
#1345 = EDGE_CURVE('',#1346,#1348,#1350,.T.);
#1346 = VERTEX_POINT('',#1347);
#1347 = CARTESIAN_POINT('',(-31.,28.25,26.35));
#1348 = VERTEX_POINT('',#1349);
#1349 = CARTESIAN_POINT('',(31.75,28.25,26.35));
#1350 = LINE('',#1351,#1352);
#1351 = CARTESIAN_POINT('',(-31.,28.25,26.35));
#1352 = VECTOR('',#1353,1.);
#1353 = DIRECTION('',(1.,0.,0.));
#1354 = ORIENTED_EDGE('',*,*,#1355,.T.);
#1355 = EDGE_CURVE('',#1348,#1356,#1358,.T.);
#1356 = VERTEX_POINT('',#1357);
#1357 = CARTESIAN_POINT('',(31.75,28.25,8.1));
#1358 = LINE('',#1359,#1360);
#1359 = CARTESIAN_POINT('',(31.75,28.25,26.35));
#1360 = VECTOR('',#1361,1.);
#1361 = DIRECTION('',(0.,0.,-1.));
#1362 = ORIENTED_EDGE('',*,*,#1363,.T.);
#1363 = EDGE_CURVE('',#1356,#1364,#1366,.T.);
#1364 = VERTEX_POINT('',#1365);
#1365 = CARTESIAN_POINT('',(-31.,28.25,8.1));
#1366 = LINE('',#1367,#1368);
#1367 = CARTESIAN_POINT('',(31.75,28.25,8.1));
#1368 = VECTOR('',#1369,1.);
#1369 = DIRECTION('',(-1.,0.,0.));
#1370 = ORIENTED_EDGE('',*,*,#1371,.T.);
#1371 = EDGE_CURVE('',#1364,#1346,#1372,.T.);
#1372 = LINE('',#1373,#1374);
#1373 = CARTESIAN_POINT('',(-31.,28.25,8.1));
#1374 = VECTOR('',#1375,1.);
#1375 = DIRECTION('',(0.,0.,1.));
#1376 = PLANE('',#1377);
#1377 = AXIS2_PLACEMENT_3D('',#1378,#1379,#1380);
#1378 = CARTESIAN_POINT('',(46.5,28.25,0.));
#1379 = DIRECTION('',(0.,-1.,0.));
#1380 = DIRECTION('',(-1.,0.,0.));
#1381 = ADVANCED_FACE('',(#1382),#1407,.F.);
#1382 = FACE_BOUND('',#1383,.F.);
#1383 = EDGE_LOOP('',(#1384,#1385,#1393,#1401));
#1384 = ORIENTED_EDGE('',*,*,#1015,.F.);
#1385 = ORIENTED_EDGE('',*,*,#1386,.T.);
#1386 = EDGE_CURVE('',#1016,#1387,#1389,.T.);
#1387 = VERTEX_POINT('',#1388);
#1388 = CARTESIAN_POINT('',(-39.5,-7.,35.));
#1389 = LINE('',#1390,#1391);
#1390 = CARTESIAN_POINT('',(-46.5,-7.,35.));
#1391 = VECTOR('',#1392,1.);
#1392 = DIRECTION('',(1.,0.,0.));
#1393 = ORIENTED_EDGE('',*,*,#1394,.T.);
#1394 = EDGE_CURVE('',#1387,#1395,#1397,.T.);
#1395 = VERTEX_POINT('',#1396);
#1396 = CARTESIAN_POINT('',(-39.5,-5.,35.));
#1397 = LINE('',#1398,#1399);
#1398 = CARTESIAN_POINT('',(-39.5,-1.981527093596,35.));
#1399 = VECTOR('',#1400,1.);
#1400 = DIRECTION('',(0.,1.,0.));
#1401 = ORIENTED_EDGE('',*,*,#1402,.F.);
#1402 = EDGE_CURVE('',#1018,#1395,#1403,.T.);
#1403 = LINE('',#1404,#1405);
#1404 = CARTESIAN_POINT('',(-46.5,-5.,35.));
#1405 = VECTOR('',#1406,1.);
#1406 = DIRECTION('',(1.,0.,0.));
#1407 = PLANE('',#1408);
#1408 = AXIS2_PLACEMENT_3D('',#1409,#1410,#1411);
#1409 = CARTESIAN_POINT('',(-46.5,-7.,35.));
#1410 = DIRECTION('',(0.,0.,1.));
#1411 = DIRECTION('',(0.,1.,0.));
#1412 = ADVANCED_FACE('',(#1413),#1431,.F.);
#1413 = FACE_BOUND('',#1414,.F.);
#1414 = EDGE_LOOP('',(#1415,#1416,#1424,#1430));
#1415 = ORIENTED_EDGE('',*,*,#1041,.F.);
#1416 = ORIENTED_EDGE('',*,*,#1417,.T.);
#1417 = EDGE_CURVE('',#1034,#1418,#1420,.T.);
#1418 = VERTEX_POINT('',#1419);
#1419 = CARTESIAN_POINT('',(-39.5,-7.,15.));
#1420 = LINE('',#1421,#1422);
#1421 = CARTESIAN_POINT('',(-46.5,-7.,15.));
#1422 = VECTOR('',#1423,1.);
#1423 = DIRECTION('',(1.,0.,0.));
#1424 = ORIENTED_EDGE('',*,*,#1425,.T.);
#1425 = EDGE_CURVE('',#1418,#1387,#1426,.T.);
#1426 = LINE('',#1427,#1428);
#1427 = CARTESIAN_POINT('',(-39.5,-7.,21.26354679803));
#1428 = VECTOR('',#1429,1.);
#1429 = DIRECTION('',(0.,0.,1.));
#1430 = ORIENTED_EDGE('',*,*,#1386,.F.);
#1431 = PLANE('',#1432);
#1432 = AXIS2_PLACEMENT_3D('',#1433,#1434,#1435);
#1433 = CARTESIAN_POINT('',(-46.5,-7.,15.));
#1434 = DIRECTION('',(0.,-1.,0.));
#1435 = DIRECTION('',(0.,0.,1.));
#1436 = ADVANCED_FACE('',(#1437),#1455,.F.);
#1437 = FACE_BOUND('',#1438,.F.);
#1438 = EDGE_LOOP('',(#1439,#1440,#1448,#1454));
#1439 = ORIENTED_EDGE('',*,*,#1033,.F.);
#1440 = ORIENTED_EDGE('',*,*,#1441,.T.);
#1441 = EDGE_CURVE('',#1026,#1442,#1444,.T.);
#1442 = VERTEX_POINT('',#1443);
#1443 = CARTESIAN_POINT('',(-39.5,-5.,15.));
#1444 = LINE('',#1445,#1446);
#1445 = CARTESIAN_POINT('',(-46.5,-5.,15.));
#1446 = VECTOR('',#1447,1.);
#1447 = DIRECTION('',(1.,0.,0.));
#1448 = ORIENTED_EDGE('',*,*,#1449,.T.);
#1449 = EDGE_CURVE('',#1442,#1418,#1450,.T.);
#1450 = LINE('',#1451,#1452);
#1451 = CARTESIAN_POINT('',(-39.5,-0.981527093596,15.));
#1452 = VECTOR('',#1453,1.);
#1453 = DIRECTION('',(0.,-1.,0.));
#1454 = ORIENTED_EDGE('',*,*,#1417,.F.);
#1455 = PLANE('',#1456);
#1456 = AXIS2_PLACEMENT_3D('',#1457,#1458,#1459);
#1457 = CARTESIAN_POINT('',(-46.5,-5.,15.));
#1458 = DIRECTION('',(0.,0.,-1.));
#1459 = DIRECTION('',(0.,-1.,0.));
#1460 = ADVANCED_FACE('',(#1461),#1472,.F.);
#1461 = FACE_BOUND('',#1462,.F.);
#1462 = EDGE_LOOP('',(#1463,#1464,#1465,#1471));
#1463 = ORIENTED_EDGE('',*,*,#1025,.F.);
#1464 = ORIENTED_EDGE('',*,*,#1402,.T.);
#1465 = ORIENTED_EDGE('',*,*,#1466,.T.);
#1466 = EDGE_CURVE('',#1395,#1442,#1467,.T.);
#1467 = LINE('',#1468,#1469);
#1468 = CARTESIAN_POINT('',(-39.5,-5.,31.26354679803));
#1469 = VECTOR('',#1470,1.);
#1470 = DIRECTION('',(0.,0.,-1.));
#1471 = ORIENTED_EDGE('',*,*,#1441,.F.);
#1472 = PLANE('',#1473);
#1473 = AXIS2_PLACEMENT_3D('',#1474,#1475,#1476);
#1474 = CARTESIAN_POINT('',(-46.5,-5.,35.));
#1475 = DIRECTION('',(0.,1.,0.));
#1476 = DIRECTION('',(0.,0.,-1.));
#1477 = ADVANCED_FACE('',(#1478),#1503,.F.);
#1478 = FACE_BOUND('',#1479,.F.);
#1479 = EDGE_LOOP('',(#1480,#1481,#1489,#1497));
#1480 = ORIENTED_EDGE('',*,*,#1049,.F.);
#1481 = ORIENTED_EDGE('',*,*,#1482,.T.);
#1482 = EDGE_CURVE('',#1050,#1483,#1485,.T.);
#1483 = VERTEX_POINT('',#1484);
#1484 = CARTESIAN_POINT('',(-39.5,-9.,35.));
#1485 = LINE('',#1486,#1487);
#1486 = CARTESIAN_POINT('',(-46.5,-9.,35.));
#1487 = VECTOR('',#1488,1.);
#1488 = DIRECTION('',(1.,0.,0.));
#1489 = ORIENTED_EDGE('',*,*,#1490,.T.);
#1490 = EDGE_CURVE('',#1483,#1491,#1493,.T.);
#1491 = VERTEX_POINT('',#1492);
#1492 = CARTESIAN_POINT('',(-39.5,-9.,15.));
#1493 = LINE('',#1494,#1495);
#1494 = CARTESIAN_POINT('',(-39.5,-9.,31.26354679803));
#1495 = VECTOR('',#1496,1.);
#1496 = DIRECTION('',(0.,0.,-1.));
#1497 = ORIENTED_EDGE('',*,*,#1498,.F.);
#1498 = EDGE_CURVE('',#1052,#1491,#1499,.T.);
#1499 = LINE('',#1500,#1501);
#1500 = CARTESIAN_POINT('',(-46.5,-9.,15.));
#1501 = VECTOR('',#1502,1.);
#1502 = DIRECTION('',(1.,0.,0.));
#1503 = PLANE('',#1504);
#1504 = AXIS2_PLACEMENT_3D('',#1505,#1506,#1507);
#1505 = CARTESIAN_POINT('',(-46.5,-9.,35.));
#1506 = DIRECTION('',(0.,1.,0.));
#1507 = DIRECTION('',(0.,0.,-1.));
#1508 = ADVANCED_FACE('',(#1509),#1527,.F.);
#1509 = FACE_BOUND('',#1510,.F.);
#1510 = EDGE_LOOP('',(#1511,#1512,#1520,#1526));
#1511 = ORIENTED_EDGE('',*,*,#1075,.F.);
#1512 = ORIENTED_EDGE('',*,*,#1513,.T.);
#1513 = EDGE_CURVE('',#1068,#1514,#1516,.T.);
#1514 = VERTEX_POINT('',#1515);
#1515 = CARTESIAN_POINT('',(-39.5,-11.,35.));
#1516 = LINE('',#1517,#1518);
#1517 = CARTESIAN_POINT('',(-46.5,-11.,35.));
#1518 = VECTOR('',#1519,1.);
#1519 = DIRECTION('',(1.,0.,0.));
#1520 = ORIENTED_EDGE('',*,*,#1521,.T.);
#1521 = EDGE_CURVE('',#1514,#1483,#1522,.T.);
#1522 = LINE('',#1523,#1524);
#1523 = CARTESIAN_POINT('',(-39.5,-3.981527093596,35.));
#1524 = VECTOR('',#1525,1.);
#1525 = DIRECTION('',(0.,1.,0.));
#1526 = ORIENTED_EDGE('',*,*,#1482,.F.);
#1527 = PLANE('',#1528);
#1528 = AXIS2_PLACEMENT_3D('',#1529,#1530,#1531);
#1529 = CARTESIAN_POINT('',(-46.5,-11.,35.));
#1530 = DIRECTION('',(0.,0.,1.));
#1531 = DIRECTION('',(0.,1.,0.));
#1532 = ADVANCED_FACE('',(#1533),#1551,.F.);
#1533 = FACE_BOUND('',#1534,.F.);
#1534 = EDGE_LOOP('',(#1535,#1536,#1544,#1550));
#1535 = ORIENTED_EDGE('',*,*,#1067,.F.);
#1536 = ORIENTED_EDGE('',*,*,#1537,.T.);
#1537 = EDGE_CURVE('',#1060,#1538,#1540,.T.);
#1538 = VERTEX_POINT('',#1539);
#1539 = CARTESIAN_POINT('',(-39.5,-11.,15.));
#1540 = LINE('',#1541,#1542);
#1541 = CARTESIAN_POINT('',(-46.5,-11.,15.));
#1542 = VECTOR('',#1543,1.);
#1543 = DIRECTION('',(1.,0.,0.));
#1544 = ORIENTED_EDGE('',*,*,#1545,.T.);
#1545 = EDGE_CURVE('',#1538,#1514,#1546,.T.);
#1546 = LINE('',#1547,#1548);
#1547 = CARTESIAN_POINT('',(-39.5,-11.,21.26354679803));
#1548 = VECTOR('',#1549,1.);
#1549 = DIRECTION('',(0.,0.,1.));
#1550 = ORIENTED_EDGE('',*,*,#1513,.F.);
#1551 = PLANE('',#1552);
#1552 = AXIS2_PLACEMENT_3D('',#1553,#1554,#1555);
#1553 = CARTESIAN_POINT('',(-46.5,-11.,15.));
#1554 = DIRECTION('',(0.,-1.,0.));
#1555 = DIRECTION('',(0.,0.,1.));
#1556 = ADVANCED_FACE('',(#1557),#1568,.F.);
#1557 = FACE_BOUND('',#1558,.F.);
#1558 = EDGE_LOOP('',(#1559,#1560,#1561,#1567));
#1559 = ORIENTED_EDGE('',*,*,#1059,.F.);
#1560 = ORIENTED_EDGE('',*,*,#1498,.T.);
#1561 = ORIENTED_EDGE('',*,*,#1562,.T.);
#1562 = EDGE_CURVE('',#1491,#1538,#1563,.T.);
#1563 = LINE('',#1564,#1565);
#1564 = CARTESIAN_POINT('',(-39.5,-2.981527093596,15.));
#1565 = VECTOR('',#1566,1.);
#1566 = DIRECTION('',(0.,-1.,0.));
#1567 = ORIENTED_EDGE('',*,*,#1537,.F.);
#1568 = PLANE('',#1569);
#1569 = AXIS2_PLACEMENT_3D('',#1570,#1571,#1572);
#1570 = CARTESIAN_POINT('',(-46.5,-9.,15.));
#1571 = DIRECTION('',(0.,0.,-1.));
#1572 = DIRECTION('',(0.,-1.,0.));
#1573 = ADVANCED_FACE('',(#1574),#1599,.F.);
#1574 = FACE_BOUND('',#1575,.F.);
#1575 = EDGE_LOOP('',(#1576,#1577,#1585,#1593));
#1576 = ORIENTED_EDGE('',*,*,#1083,.F.);
#1577 = ORIENTED_EDGE('',*,*,#1578,.T.);
#1578 = EDGE_CURVE('',#1084,#1579,#1581,.T.);
#1579 = VERTEX_POINT('',#1580);
#1580 = CARTESIAN_POINT('',(-39.5,-13.,35.));
#1581 = LINE('',#1582,#1583);
#1582 = CARTESIAN_POINT('',(-46.5,-13.,35.));
#1583 = VECTOR('',#1584,1.);
#1584 = DIRECTION('',(1.,0.,0.));
#1585 = ORIENTED_EDGE('',*,*,#1586,.T.);
#1586 = EDGE_CURVE('',#1579,#1587,#1589,.T.);
#1587 = VERTEX_POINT('',#1588);
#1588 = CARTESIAN_POINT('',(-39.5,-13.,15.));
#1589 = LINE('',#1590,#1591);
#1590 = CARTESIAN_POINT('',(-39.5,-13.,31.26354679803));
#1591 = VECTOR('',#1592,1.);
#1592 = DIRECTION('',(0.,0.,-1.));
#1593 = ORIENTED_EDGE('',*,*,#1594,.F.);
#1594 = EDGE_CURVE('',#1086,#1587,#1595,.T.);
#1595 = LINE('',#1596,#1597);
#1596 = CARTESIAN_POINT('',(-46.5,-13.,15.));
#1597 = VECTOR('',#1598,1.);
#1598 = DIRECTION('',(1.,0.,0.));
#1599 = PLANE('',#1600);
#1600 = AXIS2_PLACEMENT_3D('',#1601,#1602,#1603);
#1601 = CARTESIAN_POINT('',(-46.5,-13.,35.));
#1602 = DIRECTION('',(0.,1.,0.));
#1603 = DIRECTION('',(0.,0.,-1.));
#1604 = ADVANCED_FACE('',(#1605),#1623,.F.);
#1605 = FACE_BOUND('',#1606,.F.);
#1606 = EDGE_LOOP('',(#1607,#1608,#1616,#1622));
#1607 = ORIENTED_EDGE('',*,*,#1109,.F.);
#1608 = ORIENTED_EDGE('',*,*,#1609,.T.);
#1609 = EDGE_CURVE('',#1102,#1610,#1612,.T.);
#1610 = VERTEX_POINT('',#1611);
#1611 = CARTESIAN_POINT('',(-39.5,-15.,35.));
#1612 = LINE('',#1613,#1614);
#1613 = CARTESIAN_POINT('',(-46.5,-15.,35.));
#1614 = VECTOR('',#1615,1.);
#1615 = DIRECTION('',(1.,0.,0.));
#1616 = ORIENTED_EDGE('',*,*,#1617,.T.);
#1617 = EDGE_CURVE('',#1610,#1579,#1618,.T.);
#1618 = LINE('',#1619,#1620);
#1619 = CARTESIAN_POINT('',(-39.5,-5.981527093596,35.));
#1620 = VECTOR('',#1621,1.);
#1621 = DIRECTION('',(0.,1.,0.));
#1622 = ORIENTED_EDGE('',*,*,#1578,.F.);
#1623 = PLANE('',#1624);
#1624 = AXIS2_PLACEMENT_3D('',#1625,#1626,#1627);
#1625 = CARTESIAN_POINT('',(-46.5,-15.,35.));
#1626 = DIRECTION('',(0.,0.,1.));
#1627 = DIRECTION('',(0.,1.,0.));
#1628 = ADVANCED_FACE('',(#1629),#1647,.F.);
#1629 = FACE_BOUND('',#1630,.F.);
#1630 = EDGE_LOOP('',(#1631,#1632,#1640,#1646));
#1631 = ORIENTED_EDGE('',*,*,#1101,.F.);
#1632 = ORIENTED_EDGE('',*,*,#1633,.T.);
#1633 = EDGE_CURVE('',#1094,#1634,#1636,.T.);
#1634 = VERTEX_POINT('',#1635);
#1635 = CARTESIAN_POINT('',(-39.5,-15.,15.));
#1636 = LINE('',#1637,#1638);
#1637 = CARTESIAN_POINT('',(-46.5,-15.,15.));
#1638 = VECTOR('',#1639,1.);
#1639 = DIRECTION('',(1.,0.,0.));
#1640 = ORIENTED_EDGE('',*,*,#1641,.T.);
#1641 = EDGE_CURVE('',#1634,#1610,#1642,.T.);
#1642 = LINE('',#1643,#1644);
#1643 = CARTESIAN_POINT('',(-39.5,-15.,21.26354679803));
#1644 = VECTOR('',#1645,1.);
#1645 = DIRECTION('',(0.,0.,1.));
#1646 = ORIENTED_EDGE('',*,*,#1609,.F.);
#1647 = PLANE('',#1648);
#1648 = AXIS2_PLACEMENT_3D('',#1649,#1650,#1651);
#1649 = CARTESIAN_POINT('',(-46.5,-15.,15.));
#1650 = DIRECTION('',(0.,-1.,0.));
#1651 = DIRECTION('',(0.,0.,1.));
#1652 = ADVANCED_FACE('',(#1653),#1664,.F.);
#1653 = FACE_BOUND('',#1654,.F.);
#1654 = EDGE_LOOP('',(#1655,#1656,#1657,#1663));
#1655 = ORIENTED_EDGE('',*,*,#1093,.F.);
#1656 = ORIENTED_EDGE('',*,*,#1594,.T.);
#1657 = ORIENTED_EDGE('',*,*,#1658,.T.);
#1658 = EDGE_CURVE('',#1587,#1634,#1659,.T.);
#1659 = LINE('',#1660,#1661);
#1660 = CARTESIAN_POINT('',(-39.5,-4.981527093596,15.));
#1661 = VECTOR('',#1662,1.);
#1662 = DIRECTION('',(0.,-1.,0.));
#1663 = ORIENTED_EDGE('',*,*,#1633,.F.);
#1664 = PLANE('',#1665);
#1665 = AXIS2_PLACEMENT_3D('',#1666,#1667,#1668);
#1666 = CARTESIAN_POINT('',(-46.5,-13.,15.));
#1667 = DIRECTION('',(0.,0.,-1.));
#1668 = DIRECTION('',(0.,-1.,0.));
#1669 = ADVANCED_FACE('',(#1670),#1689,.F.);
#1670 = FACE_BOUND('',#1671,.T.);
#1671 = EDGE_LOOP('',(#1672,#1680,#1681,#1682));
#1672 = ORIENTED_EDGE('',*,*,#1673,.F.);
#1673 = EDGE_CURVE('',#1166,#1674,#1676,.T.);
#1674 = VERTEX_POINT('',#1675);
#1675 = CARTESIAN_POINT('',(-41.1,-25.25,29.));
#1676 = LINE('',#1677,#1678);
#1677 = CARTESIAN_POINT('',(-41.1,-25.25,45.));
#1678 = VECTOR('',#1679,1.);
#1679 = DIRECTION('',(-6.E-17,0.,-1.));
#1680 = ORIENTED_EDGE('',*,*,#1165,.T.);
#1681 = ORIENTED_EDGE('',*,*,#1673,.T.);
#1682 = ORIENTED_EDGE('',*,*,#1683,.F.);
#1683 = EDGE_CURVE('',#1674,#1674,#1684,.T.);
#1684 = CIRCLE('',#1685,1.9);
#1685 = AXIS2_PLACEMENT_3D('',#1686,#1687,#1688);
#1686 = CARTESIAN_POINT('',(-43.,-25.25,29.));
#1687 = DIRECTION('',(0.,0.,1.));
#1688 = DIRECTION('',(1.,0.,0.));
#1689 = CYLINDRICAL_SURFACE('',#1690,1.9);
#1690 = AXIS2_PLACEMENT_3D('',#1691,#1692,#1693);
#1691 = CARTESIAN_POINT('',(-43.,-25.25,45.));
#1692 = DIRECTION('',(-0.,-0.,-1.));
#1693 = DIRECTION('',(1.,0.,0.));
#1694 = ADVANCED_FACE('',(#1695),#1714,.F.);
#1695 = FACE_BOUND('',#1696,.T.);
#1696 = EDGE_LOOP('',(#1697,#1705,#1706,#1707));
#1697 = ORIENTED_EDGE('',*,*,#1698,.F.);
#1698 = EDGE_CURVE('',#1177,#1699,#1701,.T.);
#1699 = VERTEX_POINT('',#1700);
#1700 = CARTESIAN_POINT('',(44.9,-25.25,29.));
#1701 = LINE('',#1702,#1703);
#1702 = CARTESIAN_POINT('',(44.9,-25.25,45.));
#1703 = VECTOR('',#1704,1.);
#1704 = DIRECTION('',(-6.E-17,0.,-1.));
#1705 = ORIENTED_EDGE('',*,*,#1176,.T.);
#1706 = ORIENTED_EDGE('',*,*,#1698,.T.);
#1707 = ORIENTED_EDGE('',*,*,#1708,.F.);
#1708 = EDGE_CURVE('',#1699,#1699,#1709,.T.);
#1709 = CIRCLE('',#1710,1.9);
#1710 = AXIS2_PLACEMENT_3D('',#1711,#1712,#1713);
#1711 = CARTESIAN_POINT('',(43.,-25.25,29.));
#1712 = DIRECTION('',(0.,0.,1.));
#1713 = DIRECTION('',(1.,0.,0.));
#1714 = CYLINDRICAL_SURFACE('',#1715,1.9);
#1715 = AXIS2_PLACEMENT_3D('',#1716,#1717,#1718);
#1716 = CARTESIAN_POINT('',(43.,-25.25,45.));
#1717 = DIRECTION('',(-0.,-0.,-1.));
#1718 = DIRECTION('',(1.,0.,0.));
#1719 = ADVANCED_FACE('',(#1720,#1809),#1843,.T.);
#1720 = FACE_BOUND('',#1721,.T.);
#1721 = EDGE_LOOP('',(#1722,#1732,#1740,#1748,#1756,#1764,#1770,#1771,
    #1779,#1787,#1795,#1803));
#1722 = ORIENTED_EDGE('',*,*,#1723,.F.);
#1723 = EDGE_CURVE('',#1724,#1726,#1728,.T.);
#1724 = VERTEX_POINT('',#1725);
#1725 = CARTESIAN_POINT('',(39.5,26.25,5.));
#1726 = VERTEX_POINT('',#1727);
#1727 = CARTESIAN_POINT('',(-39.5,26.25,5.));
#1728 = LINE('',#1729,#1730);
#1729 = CARTESIAN_POINT('',(39.5,26.25,5.));
#1730 = VECTOR('',#1731,1.);
#1731 = DIRECTION('',(-1.,0.,0.));
#1732 = ORIENTED_EDGE('',*,*,#1733,.T.);
#1733 = EDGE_CURVE('',#1724,#1734,#1736,.T.);
#1734 = VERTEX_POINT('',#1735);
#1735 = CARTESIAN_POINT('',(39.5,26.25,30.));
#1736 = LINE('',#1737,#1738);
#1737 = CARTESIAN_POINT('',(39.5,26.25,0.));
#1738 = VECTOR('',#1739,1.);
#1739 = DIRECTION('',(0.,0.,1.));
#1740 = ORIENTED_EDGE('',*,*,#1741,.T.);
#1741 = EDGE_CURVE('',#1734,#1742,#1744,.T.);
#1742 = VERTEX_POINT('',#1743);
#1743 = CARTESIAN_POINT('',(30.5,26.25,30.));
#1744 = LINE('',#1745,#1746);
#1745 = CARTESIAN_POINT('',(39.5,26.25,30.));
#1746 = VECTOR('',#1747,1.);
#1747 = DIRECTION('',(-1.,0.,0.));
#1748 = ORIENTED_EDGE('',*,*,#1749,.F.);
#1749 = EDGE_CURVE('',#1750,#1742,#1752,.T.);
#1750 = VERTEX_POINT('',#1751);
#1751 = CARTESIAN_POINT('',(30.5,26.25,41.));
#1752 = LINE('',#1753,#1754);
#1753 = CARTESIAN_POINT('',(30.5,26.25,45.));
#1754 = VECTOR('',#1755,1.);
#1755 = DIRECTION('',(-0.,-0.,-1.));
#1756 = ORIENTED_EDGE('',*,*,#1757,.F.);
#1757 = EDGE_CURVE('',#1758,#1750,#1760,.T.);
#1758 = VERTEX_POINT('',#1759);
#1759 = CARTESIAN_POINT('',(39.5,26.25,41.));
#1760 = LINE('',#1761,#1762);
#1761 = CARTESIAN_POINT('',(39.5,26.25,41.));
#1762 = VECTOR('',#1763,1.);
#1763 = DIRECTION('',(-1.,0.,0.));
#1764 = ORIENTED_EDGE('',*,*,#1765,.F.);
#1765 = EDGE_CURVE('',#1188,#1758,#1766,.T.);
#1766 = LINE('',#1767,#1768);
#1767 = CARTESIAN_POINT('',(39.5,26.25,45.));
#1768 = VECTOR('',#1769,1.);
#1769 = DIRECTION('',(-0.,-0.,-1.));
#1770 = ORIENTED_EDGE('',*,*,#1187,.T.);
#1771 = ORIENTED_EDGE('',*,*,#1772,.T.);
#1772 = EDGE_CURVE('',#1190,#1773,#1775,.T.);
#1773 = VERTEX_POINT('',#1774);
#1774 = CARTESIAN_POINT('',(-39.5,26.25,41.));
#1775 = LINE('',#1776,#1777);
#1776 = CARTESIAN_POINT('',(-39.5,26.25,45.));
#1777 = VECTOR('',#1778,1.);
#1778 = DIRECTION('',(-0.,-0.,-1.));
#1779 = ORIENTED_EDGE('',*,*,#1780,.F.);
#1780 = EDGE_CURVE('',#1781,#1773,#1783,.T.);
#1781 = VERTEX_POINT('',#1782);
#1782 = CARTESIAN_POINT('',(-30.5,26.25,41.));
#1783 = LINE('',#1784,#1785);
#1784 = CARTESIAN_POINT('',(-30.5,26.25,41.));
#1785 = VECTOR('',#1786,1.);
#1786 = DIRECTION('',(-1.,0.,0.));
#1787 = ORIENTED_EDGE('',*,*,#1788,.T.);
#1788 = EDGE_CURVE('',#1781,#1789,#1791,.T.);
#1789 = VERTEX_POINT('',#1790);
#1790 = CARTESIAN_POINT('',(-30.5,26.25,30.));
#1791 = LINE('',#1792,#1793);
#1792 = CARTESIAN_POINT('',(-30.5,26.25,45.));
#1793 = VECTOR('',#1794,1.);
#1794 = DIRECTION('',(-0.,-0.,-1.));
#1795 = ORIENTED_EDGE('',*,*,#1796,.T.);
#1796 = EDGE_CURVE('',#1789,#1797,#1799,.T.);
#1797 = VERTEX_POINT('',#1798);
#1798 = CARTESIAN_POINT('',(-39.5,26.25,30.));
#1799 = LINE('',#1800,#1801);
#1800 = CARTESIAN_POINT('',(-30.5,26.25,30.));
#1801 = VECTOR('',#1802,1.);
#1802 = DIRECTION('',(-1.,0.,0.));
#1803 = ORIENTED_EDGE('',*,*,#1804,.F.);
#1804 = EDGE_CURVE('',#1726,#1797,#1805,.T.);
#1805 = LINE('',#1806,#1807);
#1806 = CARTESIAN_POINT('',(-39.5,26.25,0.));
#1807 = VECTOR('',#1808,1.);
#1808 = DIRECTION('',(0.,0.,1.));
#1809 = FACE_BOUND('',#1810,.T.);
#1810 = EDGE_LOOP('',(#1811,#1821,#1829,#1837));
#1811 = ORIENTED_EDGE('',*,*,#1812,.T.);
#1812 = EDGE_CURVE('',#1813,#1815,#1817,.T.);
#1813 = VERTEX_POINT('',#1814);
#1814 = CARTESIAN_POINT('',(-31.,26.25,26.35));
#1815 = VERTEX_POINT('',#1816);
#1816 = CARTESIAN_POINT('',(31.75,26.25,26.35));
#1817 = LINE('',#1818,#1819);
#1818 = CARTESIAN_POINT('',(4.25,26.25,26.35));
#1819 = VECTOR('',#1820,1.);
#1820 = DIRECTION('',(1.,0.,0.));
#1821 = ORIENTED_EDGE('',*,*,#1822,.T.);
#1822 = EDGE_CURVE('',#1815,#1823,#1825,.T.);
#1823 = VERTEX_POINT('',#1824);
#1824 = CARTESIAN_POINT('',(31.75,26.25,8.1));
#1825 = LINE('',#1826,#1827);
#1826 = CARTESIAN_POINT('',(31.75,26.25,13.175));
#1827 = VECTOR('',#1828,1.);
#1828 = DIRECTION('',(0.,0.,-1.));
#1829 = ORIENTED_EDGE('',*,*,#1830,.T.);
#1830 = EDGE_CURVE('',#1823,#1831,#1833,.T.);
#1831 = VERTEX_POINT('',#1832);
#1832 = CARTESIAN_POINT('',(-31.,26.25,8.1));
#1833 = LINE('',#1834,#1835);
#1834 = CARTESIAN_POINT('',(35.625,26.25,8.1));
#1835 = VECTOR('',#1836,1.);
#1836 = DIRECTION('',(-1.,0.,0.));
#1837 = ORIENTED_EDGE('',*,*,#1838,.T.);
#1838 = EDGE_CURVE('',#1831,#1813,#1839,.T.);
#1839 = LINE('',#1840,#1841);
#1840 = CARTESIAN_POINT('',(-31.,26.25,4.05));
#1841 = VECTOR('',#1842,1.);
#1842 = DIRECTION('',(0.,0.,1.));
#1843 = PLANE('',#1844);
#1844 = AXIS2_PLACEMENT_3D('',#1845,#1846,#1847);
#1845 = CARTESIAN_POINT('',(2.49E-15,26.25,26.379562043796));
#1846 = DIRECTION('',(-0.,-1.,-0.));
#1847 = DIRECTION('',(0.,0.,-1.));
#1848 = ADVANCED_FACE('',(#1849),#1899,.T.);
#1849 = FACE_BOUND('',#1850,.T.);
#1850 = EDGE_LOOP('',(#1851,#1859,#1867,#1873,#1874,#1875,#1876,#1884,
    #1892,#1898));
#1851 = ORIENTED_EDGE('',*,*,#1852,.F.);
#1852 = EDGE_CURVE('',#1853,#1724,#1855,.T.);
#1853 = VERTEX_POINT('',#1854);
#1854 = CARTESIAN_POINT('',(39.5,-17.25,5.));
#1855 = LINE('',#1856,#1857);
#1856 = CARTESIAN_POINT('',(39.5,-26.25,5.));
#1857 = VECTOR('',#1858,1.);
#1858 = DIRECTION('',(0.,1.,0.));
#1859 = ORIENTED_EDGE('',*,*,#1860,.T.);
#1860 = EDGE_CURVE('',#1853,#1861,#1863,.T.);
#1861 = VERTEX_POINT('',#1862);
#1862 = CARTESIAN_POINT('',(39.5,-17.25,41.));
#1863 = LINE('',#1864,#1865);
#1864 = CARTESIAN_POINT('',(39.5,-17.25,5.));
#1865 = VECTOR('',#1866,1.);
#1866 = DIRECTION('',(0.,0.,1.));
#1867 = ORIENTED_EDGE('',*,*,#1868,.F.);
#1868 = EDGE_CURVE('',#1310,#1861,#1869,.T.);
#1869 = LINE('',#1870,#1871);
#1870 = CARTESIAN_POINT('',(39.5,-26.25,41.));
#1871 = VECTOR('',#1872,1.);
#1872 = DIRECTION('',(0.,1.,0.));
#1873 = ORIENTED_EDGE('',*,*,#1309,.T.);
#1874 = ORIENTED_EDGE('',*,*,#1197,.T.);
#1875 = ORIENTED_EDGE('',*,*,#1765,.T.);
#1876 = ORIENTED_EDGE('',*,*,#1877,.F.);
#1877 = EDGE_CURVE('',#1878,#1758,#1880,.T.);
#1878 = VERTEX_POINT('',#1879);
#1879 = CARTESIAN_POINT('',(39.5,17.25,41.));
#1880 = LINE('',#1881,#1882);
#1881 = CARTESIAN_POINT('',(39.5,17.25,41.));
#1882 = VECTOR('',#1883,1.);
#1883 = DIRECTION('',(0.,1.,0.));
#1884 = ORIENTED_EDGE('',*,*,#1885,.T.);
#1885 = EDGE_CURVE('',#1878,#1886,#1888,.T.);
#1886 = VERTEX_POINT('',#1887);
#1887 = CARTESIAN_POINT('',(39.5,17.25,30.));
#1888 = LINE('',#1889,#1890);
#1889 = CARTESIAN_POINT('',(39.5,17.25,45.));
#1890 = VECTOR('',#1891,1.);
#1891 = DIRECTION('',(-0.,-0.,-1.));
#1892 = ORIENTED_EDGE('',*,*,#1893,.T.);
#1893 = EDGE_CURVE('',#1886,#1734,#1894,.T.);
#1894 = LINE('',#1895,#1896);
#1895 = CARTESIAN_POINT('',(39.5,17.25,30.));
#1896 = VECTOR('',#1897,1.);
#1897 = DIRECTION('',(0.,1.,0.));
#1898 = ORIENTED_EDGE('',*,*,#1733,.F.);
#1899 = PLANE('',#1900);
#1900 = AXIS2_PLACEMENT_3D('',#1901,#1902,#1903);
#1901 = CARTESIAN_POINT('',(39.5,3.036945812808,27.527093596059));
#1902 = DIRECTION('',(-1.,-0.,-0.));
#1903 = DIRECTION('',(0.,0.,-1.));
#1904 = ADVANCED_FACE('',(#1905,#1955,#1961,#1967),#1973,.T.);
#1905 = FACE_BOUND('',#1906,.T.);
#1906 = EDGE_LOOP('',(#1907,#1908,#1909,#1910,#1918,#1926,#1932,#1933,
    #1941,#1949));
#1907 = ORIENTED_EDGE('',*,*,#1772,.F.);
#1908 = ORIENTED_EDGE('',*,*,#1213,.T.);
#1909 = ORIENTED_EDGE('',*,*,#1302,.F.);
#1910 = ORIENTED_EDGE('',*,*,#1911,.F.);
#1911 = EDGE_CURVE('',#1912,#1295,#1914,.T.);
#1912 = VERTEX_POINT('',#1913);
#1913 = CARTESIAN_POINT('',(-39.5,-17.25,41.));
#1914 = LINE('',#1915,#1916);
#1915 = CARTESIAN_POINT('',(-39.5,-17.25,41.));
#1916 = VECTOR('',#1917,1.);
#1917 = DIRECTION('',(0.,-1.,0.));
#1918 = ORIENTED_EDGE('',*,*,#1919,.F.);
#1919 = EDGE_CURVE('',#1920,#1912,#1922,.T.);
#1920 = VERTEX_POINT('',#1921);
#1921 = CARTESIAN_POINT('',(-39.5,-17.25,5.));
#1922 = LINE('',#1923,#1924);
#1923 = CARTESIAN_POINT('',(-39.5,-17.25,5.));
#1924 = VECTOR('',#1925,1.);
#1925 = DIRECTION('',(0.,0.,1.));
#1926 = ORIENTED_EDGE('',*,*,#1927,.F.);
#1927 = EDGE_CURVE('',#1726,#1920,#1928,.T.);
#1928 = LINE('',#1929,#1930);
#1929 = CARTESIAN_POINT('',(-39.5,26.25,5.));
#1930 = VECTOR('',#1931,1.);
#1931 = DIRECTION('',(0.,-1.,0.));
#1932 = ORIENTED_EDGE('',*,*,#1804,.T.);
#1933 = ORIENTED_EDGE('',*,*,#1934,.T.);
#1934 = EDGE_CURVE('',#1797,#1935,#1937,.T.);
#1935 = VERTEX_POINT('',#1936);
#1936 = CARTESIAN_POINT('',(-39.5,17.25,30.));
#1937 = LINE('',#1938,#1939);
#1938 = CARTESIAN_POINT('',(-39.5,26.25,30.));
#1939 = VECTOR('',#1940,1.);
#1940 = DIRECTION('',(0.,-1.,0.));
#1941 = ORIENTED_EDGE('',*,*,#1942,.F.);
#1942 = EDGE_CURVE('',#1943,#1935,#1945,.T.);
#1943 = VERTEX_POINT('',#1944);
#1944 = CARTESIAN_POINT('',(-39.5,17.25,41.));
#1945 = LINE('',#1946,#1947);
#1946 = CARTESIAN_POINT('',(-39.5,17.25,45.));
#1947 = VECTOR('',#1948,1.);
#1948 = DIRECTION('',(-0.,-0.,-1.));
#1949 = ORIENTED_EDGE('',*,*,#1950,.F.);
#1950 = EDGE_CURVE('',#1773,#1943,#1951,.T.);
#1951 = LINE('',#1952,#1953);
#1952 = CARTESIAN_POINT('',(-39.5,26.25,41.));
#1953 = VECTOR('',#1954,1.);
#1954 = DIRECTION('',(0.,-1.,0.));
#1955 = FACE_BOUND('',#1956,.T.);
#1956 = EDGE_LOOP('',(#1957,#1958,#1959,#1960));
#1957 = ORIENTED_EDGE('',*,*,#1394,.T.);
#1958 = ORIENTED_EDGE('',*,*,#1466,.T.);
#1959 = ORIENTED_EDGE('',*,*,#1449,.T.);
#1960 = ORIENTED_EDGE('',*,*,#1425,.T.);
#1961 = FACE_BOUND('',#1962,.T.);
#1962 = EDGE_LOOP('',(#1963,#1964,#1965,#1966));
#1963 = ORIENTED_EDGE('',*,*,#1490,.T.);
#1964 = ORIENTED_EDGE('',*,*,#1562,.T.);
#1965 = ORIENTED_EDGE('',*,*,#1545,.T.);
#1966 = ORIENTED_EDGE('',*,*,#1521,.T.);
#1967 = FACE_BOUND('',#1968,.T.);
#1968 = EDGE_LOOP('',(#1969,#1970,#1971,#1972));
#1969 = ORIENTED_EDGE('',*,*,#1586,.T.);
#1970 = ORIENTED_EDGE('',*,*,#1658,.T.);
#1971 = ORIENTED_EDGE('',*,*,#1641,.T.);
#1972 = ORIENTED_EDGE('',*,*,#1617,.T.);
#1973 = PLANE('',#1974);
#1974 = AXIS2_PLACEMENT_3D('',#1975,#1976,#1977);
#1975 = CARTESIAN_POINT('',(-39.5,3.036945812808,27.527093596059));
#1976 = DIRECTION('',(1.,0.,0.));
#1977 = DIRECTION('',(0.,0.,1.));
#1978 = ADVANCED_FACE('',(#1979),#1998,.F.);
#1979 = FACE_BOUND('',#1980,.T.);
#1980 = EDGE_LOOP('',(#1981,#1989,#1990,#1991));
#1981 = ORIENTED_EDGE('',*,*,#1982,.F.);
#1982 = EDGE_CURVE('',#1222,#1983,#1985,.T.);
#1983 = VERTEX_POINT('',#1984);
#1984 = CARTESIAN_POINT('',(-41.1,25.25,29.));
#1985 = LINE('',#1986,#1987);
#1986 = CARTESIAN_POINT('',(-41.1,25.25,45.));
#1987 = VECTOR('',#1988,1.);
#1988 = DIRECTION('',(-6.E-17,0.,-1.));
#1989 = ORIENTED_EDGE('',*,*,#1221,.T.);
#1990 = ORIENTED_EDGE('',*,*,#1982,.T.);
#1991 = ORIENTED_EDGE('',*,*,#1992,.F.);
#1992 = EDGE_CURVE('',#1983,#1983,#1993,.T.);
#1993 = CIRCLE('',#1994,1.9);
#1994 = AXIS2_PLACEMENT_3D('',#1995,#1996,#1997);
#1995 = CARTESIAN_POINT('',(-43.,25.25,29.));
#1996 = DIRECTION('',(0.,0.,1.));
#1997 = DIRECTION('',(1.,0.,0.));
#1998 = CYLINDRICAL_SURFACE('',#1999,1.9);
#1999 = AXIS2_PLACEMENT_3D('',#2000,#2001,#2002);
#2000 = CARTESIAN_POINT('',(-43.,25.25,45.));
#2001 = DIRECTION('',(-0.,-0.,-1.));
#2002 = DIRECTION('',(1.,0.,0.));
#2003 = ADVANCED_FACE('',(#2004),#2023,.F.);
#2004 = FACE_BOUND('',#2005,.T.);
#2005 = EDGE_LOOP('',(#2006,#2014,#2015,#2016));
#2006 = ORIENTED_EDGE('',*,*,#2007,.F.);
#2007 = EDGE_CURVE('',#1233,#2008,#2010,.T.);
#2008 = VERTEX_POINT('',#2009);
#2009 = CARTESIAN_POINT('',(44.9,25.25,29.));
#2010 = LINE('',#2011,#2012);
#2011 = CARTESIAN_POINT('',(44.9,25.25,45.));
#2012 = VECTOR('',#2013,1.);
#2013 = DIRECTION('',(-6.E-17,0.,-1.));
#2014 = ORIENTED_EDGE('',*,*,#1232,.T.);
#2015 = ORIENTED_EDGE('',*,*,#2007,.T.);
#2016 = ORIENTED_EDGE('',*,*,#2017,.F.);
#2017 = EDGE_CURVE('',#2008,#2008,#2018,.T.);
#2018 = CIRCLE('',#2019,1.9);
#2019 = AXIS2_PLACEMENT_3D('',#2020,#2021,#2022);
#2020 = CARTESIAN_POINT('',(43.,25.25,29.));
#2021 = DIRECTION('',(0.,0.,1.));
#2022 = DIRECTION('',(1.,0.,0.));
#2023 = CYLINDRICAL_SURFACE('',#2024,1.9);
#2024 = AXIS2_PLACEMENT_3D('',#2025,#2026,#2027);
#2025 = CARTESIAN_POINT('',(43.,25.25,45.));
#2026 = DIRECTION('',(-0.,-0.,-1.));
#2027 = DIRECTION('',(1.,0.,0.));
#2028 = ADVANCED_FACE('',(#2029),#2049,.T.);
#2029 = FACE_BOUND('',#2030,.T.);
#2030 = EDGE_LOOP('',(#2031,#2032,#2033,#2034,#2041,#2042));
#2031 = ORIENTED_EDGE('',*,*,#1852,.T.);
#2032 = ORIENTED_EDGE('',*,*,#1723,.T.);
#2033 = ORIENTED_EDGE('',*,*,#1927,.T.);
#2034 = ORIENTED_EDGE('',*,*,#2035,.F.);
#2035 = EDGE_CURVE('',#1277,#1920,#2036,.T.);
#2036 = CIRCLE('',#2037,9.);
#2037 = AXIS2_PLACEMENT_3D('',#2038,#2039,#2040);
#2038 = CARTESIAN_POINT('',(-39.5,-26.25,5.));
#2039 = DIRECTION('',(0.,0.,1.));
#2040 = DIRECTION('',(1.,0.,0.));
#2041 = ORIENTED_EDGE('',*,*,#1276,.T.);
#2042 = ORIENTED_EDGE('',*,*,#2043,.F.);
#2043 = EDGE_CURVE('',#1853,#1279,#2044,.T.);
#2044 = CIRCLE('',#2045,9.);
#2045 = AXIS2_PLACEMENT_3D('',#2046,#2047,#2048);
#2046 = CARTESIAN_POINT('',(39.5,-26.25,5.));
#2047 = DIRECTION('',(0.,0.,1.));
#2048 = DIRECTION('',(1.,0.,0.));
#2049 = PLANE('',#2050);
#2050 = AXIS2_PLACEMENT_3D('',#2051,#2052,#2053);
#2051 = CARTESIAN_POINT('',(8.1E-16,8.1E-16,5.));
#2052 = DIRECTION('',(0.,0.,1.));
#2053 = DIRECTION('',(1.,0.,0.));
#2054 = ADVANCED_FACE('',(#2055),#2067,.T.);
#2055 = FACE_BOUND('',#2056,.F.);
#2056 = EDGE_LOOP('',(#2057,#2058,#2065,#2066));
#2057 = ORIENTED_EDGE('',*,*,#1286,.T.);
#2058 = ORIENTED_EDGE('',*,*,#2059,.T.);
#2059 = EDGE_CURVE('',#1287,#1912,#2060,.T.);
#2060 = CIRCLE('',#2061,9.);
#2061 = AXIS2_PLACEMENT_3D('',#2062,#2063,#2064);
#2062 = CARTESIAN_POINT('',(-39.5,-26.25,41.));
#2063 = DIRECTION('',(0.,0.,1.));
#2064 = DIRECTION('',(1.,0.,0.));
#2065 = ORIENTED_EDGE('',*,*,#1919,.F.);
#2066 = ORIENTED_EDGE('',*,*,#2035,.F.);
#2067 = CYLINDRICAL_SURFACE('',#2068,9.);
#2068 = AXIS2_PLACEMENT_3D('',#2069,#2070,#2071);
#2069 = CARTESIAN_POINT('',(-39.5,-26.25,5.));
#2070 = DIRECTION('',(-0.,-0.,-1.));
#2071 = DIRECTION('',(1.,0.,0.));
#2072 = ADVANCED_FACE('',(#2073),#2085,.T.);
#2073 = FACE_BOUND('',#2074,.F.);
#2074 = EDGE_LOOP('',(#2075,#2076,#2083,#2084));
#2075 = ORIENTED_EDGE('',*,*,#1860,.T.);
#2076 = ORIENTED_EDGE('',*,*,#2077,.T.);
#2077 = EDGE_CURVE('',#1861,#1318,#2078,.T.);
#2078 = CIRCLE('',#2079,9.);
#2079 = AXIS2_PLACEMENT_3D('',#2080,#2081,#2082);
#2080 = CARTESIAN_POINT('',(39.5,-26.25,41.));
#2081 = DIRECTION('',(0.,0.,1.));
#2082 = DIRECTION('',(1.,0.,0.));
#2083 = ORIENTED_EDGE('',*,*,#1325,.F.);
#2084 = ORIENTED_EDGE('',*,*,#2043,.F.);
#2085 = CYLINDRICAL_SURFACE('',#2086,9.);
#2086 = AXIS2_PLACEMENT_3D('',#2087,#2088,#2089);
#2087 = CARTESIAN_POINT('',(39.5,-26.25,5.));
#2088 = DIRECTION('',(-0.,-0.,-1.));
#2089 = DIRECTION('',(1.,0.,0.));
#2090 = ADVANCED_FACE('',(#2091,#2096),#2107,.T.);
#2091 = FACE_BOUND('',#2092,.T.);
#2092 = EDGE_LOOP('',(#2093,#2094,#2095));
#2093 = ORIENTED_EDGE('',*,*,#1911,.T.);
#2094 = ORIENTED_EDGE('',*,*,#1294,.T.);
#2095 = ORIENTED_EDGE('',*,*,#2059,.T.);
#2096 = FACE_BOUND('',#2097,.T.);
#2097 = EDGE_LOOP('',(#2098));
#2098 = ORIENTED_EDGE('',*,*,#2099,.F.);
#2099 = EDGE_CURVE('',#2100,#2100,#2102,.T.);
#2100 = VERTEX_POINT('',#2101);
#2101 = CARTESIAN_POINT('',(-33.18,-21.47,41.));
#2102 = CIRCLE('',#2103,1.9);
#2103 = AXIS2_PLACEMENT_3D('',#2104,#2105,#2106);
#2104 = CARTESIAN_POINT('',(-35.08,-21.47,41.));
#2105 = DIRECTION('',(0.,0.,1.));
#2106 = DIRECTION('',(1.,0.,0.));
#2107 = PLANE('',#2108);
#2108 = AXIS2_PLACEMENT_3D('',#2109,#2110,#2111);
#2109 = CARTESIAN_POINT('',(-2.555E-14,-21.27005084025,41.));
#2110 = DIRECTION('',(0.,0.,1.));
#2111 = DIRECTION('',(1.,0.,0.));
#2112 = ADVANCED_FACE('',(#2113,#2118),#2129,.T.);
#2113 = FACE_BOUND('',#2114,.T.);
#2114 = EDGE_LOOP('',(#2115,#2116,#2117));
#2115 = ORIENTED_EDGE('',*,*,#1317,.T.);
#2116 = ORIENTED_EDGE('',*,*,#1868,.T.);
#2117 = ORIENTED_EDGE('',*,*,#2077,.T.);
#2118 = FACE_BOUND('',#2119,.T.);
#2119 = EDGE_LOOP('',(#2120));
#2120 = ORIENTED_EDGE('',*,*,#2121,.F.);
#2121 = EDGE_CURVE('',#2122,#2122,#2124,.T.);
#2122 = VERTEX_POINT('',#2123);
#2123 = CARTESIAN_POINT('',(37.22,-21.5,41.));
#2124 = CIRCLE('',#2125,1.9);
#2125 = AXIS2_PLACEMENT_3D('',#2126,#2127,#2128);
#2126 = CARTESIAN_POINT('',(35.32,-21.5,41.));
#2127 = DIRECTION('',(0.,0.,1.));
#2128 = DIRECTION('',(1.,0.,0.));
#2129 = PLANE('',#2130);
#2130 = AXIS2_PLACEMENT_3D('',#2131,#2132,#2133);
#2131 = CARTESIAN_POINT('',(-2.555E-14,-21.27005084025,41.));
#2132 = DIRECTION('',(0.,0.,1.));
#2133 = DIRECTION('',(1.,0.,0.));
#2134 = ADVANCED_FACE('',(#2135),#2151,.F.);
#2135 = FACE_BOUND('',#2136,.F.);
#2136 = EDGE_LOOP('',(#2137,#2138,#2144,#2145));
#2137 = ORIENTED_EDGE('',*,*,#1345,.F.);
#2138 = ORIENTED_EDGE('',*,*,#2139,.T.);
#2139 = EDGE_CURVE('',#1346,#1813,#2140,.T.);
#2140 = LINE('',#2141,#2142);
#2141 = CARTESIAN_POINT('',(-31.,28.25,26.35));
#2142 = VECTOR('',#2143,1.);
#2143 = DIRECTION('',(0.,-1.,2.2E-16));
#2144 = ORIENTED_EDGE('',*,*,#1812,.T.);
#2145 = ORIENTED_EDGE('',*,*,#2146,.F.);
#2146 = EDGE_CURVE('',#1348,#1815,#2147,.T.);
#2147 = LINE('',#2148,#2149);
#2148 = CARTESIAN_POINT('',(31.75,28.25,26.35));
#2149 = VECTOR('',#2150,1.);
#2150 = DIRECTION('',(0.,-1.,2.2E-16));
#2151 = PLANE('',#2152);
#2152 = AXIS2_PLACEMENT_3D('',#2153,#2154,#2155);
#2153 = CARTESIAN_POINT('',(-31.,28.25,26.35));
#2154 = DIRECTION('',(0.,2.2E-16,1.));
#2155 = DIRECTION('',(1.,0.,0.));
#2156 = ADVANCED_FACE('',(#2157),#2168,.F.);
#2157 = FACE_BOUND('',#2158,.F.);
#2158 = EDGE_LOOP('',(#2159,#2160,#2166,#2167));
#2159 = ORIENTED_EDGE('',*,*,#1371,.F.);
#2160 = ORIENTED_EDGE('',*,*,#2161,.T.);
#2161 = EDGE_CURVE('',#1364,#1831,#2162,.T.);
#2162 = LINE('',#2163,#2164);
#2163 = CARTESIAN_POINT('',(-31.,28.25,8.1));
#2164 = VECTOR('',#2165,1.);
#2165 = DIRECTION('',(0.,-1.,2.2E-16));
#2166 = ORIENTED_EDGE('',*,*,#1838,.T.);
#2167 = ORIENTED_EDGE('',*,*,#2139,.F.);
#2168 = PLANE('',#2169);
#2169 = AXIS2_PLACEMENT_3D('',#2170,#2171,#2172);
#2170 = CARTESIAN_POINT('',(-31.,28.25,8.1));
#2171 = DIRECTION('',(-1.,0.,0.));
#2172 = DIRECTION('',(0.,2.2E-16,1.));
#2173 = ADVANCED_FACE('',(#2174),#2185,.F.);
#2174 = FACE_BOUND('',#2175,.F.);
#2175 = EDGE_LOOP('',(#2176,#2177,#2183,#2184));
#2176 = ORIENTED_EDGE('',*,*,#1363,.F.);
#2177 = ORIENTED_EDGE('',*,*,#2178,.T.);
#2178 = EDGE_CURVE('',#1356,#1823,#2179,.T.);
#2179 = LINE('',#2180,#2181);
#2180 = CARTESIAN_POINT('',(31.75,28.25,8.1));
#2181 = VECTOR('',#2182,1.);
#2182 = DIRECTION('',(0.,-1.,2.2E-16));
#2183 = ORIENTED_EDGE('',*,*,#1830,.T.);
#2184 = ORIENTED_EDGE('',*,*,#2161,.F.);
#2185 = PLANE('',#2186);
#2186 = AXIS2_PLACEMENT_3D('',#2187,#2188,#2189);
#2187 = CARTESIAN_POINT('',(31.75,28.25,8.1));
#2188 = DIRECTION('',(-0.,-2.2E-16,-1.));
#2189 = DIRECTION('',(-1.,0.,0.));
#2190 = ADVANCED_FACE('',(#2191),#2197,.F.);
#2191 = FACE_BOUND('',#2192,.F.);
#2192 = EDGE_LOOP('',(#2193,#2194,#2195,#2196));
#2193 = ORIENTED_EDGE('',*,*,#1355,.F.);
#2194 = ORIENTED_EDGE('',*,*,#2146,.T.);
#2195 = ORIENTED_EDGE('',*,*,#1822,.T.);
#2196 = ORIENTED_EDGE('',*,*,#2178,.F.);
#2197 = PLANE('',#2198);
#2198 = AXIS2_PLACEMENT_3D('',#2199,#2200,#2201);
#2199 = CARTESIAN_POINT('',(31.75,28.25,26.35));
#2200 = DIRECTION('',(1.,0.,0.));
#2201 = DIRECTION('',(0.,-2.2E-16,-1.));
#2202 = ADVANCED_FACE('',(#2203),#2215,.F.);
#2203 = FACE_BOUND('',#2204,.T.);
#2204 = EDGE_LOOP('',(#2205,#2206,#2214));
#2205 = ORIENTED_EDGE('',*,*,#1683,.T.);
#2206 = ORIENTED_EDGE('',*,*,#2207,.T.);
#2207 = EDGE_CURVE('',#1674,#2208,#2210,.T.);
#2208 = VERTEX_POINT('',#2209);
#2209 = CARTESIAN_POINT('',(-43.,-25.25,27.858364823848));
#2210 = LINE('',#2211,#2212);
#2211 = CARTESIAN_POINT('',(-41.1,-25.25,29.));
#2212 = VECTOR('',#2213,1.);
#2213 = DIRECTION('',(-0.857167300702,-0.,-0.51503807491));
#2214 = ORIENTED_EDGE('',*,*,#2207,.F.);
#2215 = CONICAL_SURFACE('',#2216,1.9,1.029744258677);
#2216 = AXIS2_PLACEMENT_3D('',#2217,#2218,#2219);
#2217 = CARTESIAN_POINT('',(-43.,-25.25,29.));
#2218 = DIRECTION('',(0.,0.,1.));
#2219 = DIRECTION('',(1.,0.,0.));
#2220 = ADVANCED_FACE('',(#2221),#2233,.F.);
#2221 = FACE_BOUND('',#2222,.T.);
#2222 = EDGE_LOOP('',(#2223,#2224,#2232));
#2223 = ORIENTED_EDGE('',*,*,#1708,.T.);
#2224 = ORIENTED_EDGE('',*,*,#2225,.T.);
#2225 = EDGE_CURVE('',#1699,#2226,#2228,.T.);
#2226 = VERTEX_POINT('',#2227);
#2227 = CARTESIAN_POINT('',(43.,-25.25,27.858364823848));
#2228 = LINE('',#2229,#2230);
#2229 = CARTESIAN_POINT('',(44.9,-25.25,29.));
#2230 = VECTOR('',#2231,1.);
#2231 = DIRECTION('',(-0.857167300702,-0.,-0.51503807491));
#2232 = ORIENTED_EDGE('',*,*,#2225,.F.);
#2233 = CONICAL_SURFACE('',#2234,1.9,1.029744258677);
#2234 = AXIS2_PLACEMENT_3D('',#2235,#2236,#2237);
#2235 = CARTESIAN_POINT('',(43.,-25.25,29.));
#2236 = DIRECTION('',(0.,0.,1.));
#2237 = DIRECTION('',(1.,0.,0.));
#2238 = ADVANCED_FACE('',(#2239),#2250,.F.);
#2239 = FACE_BOUND('',#2240,.F.);
#2240 = EDGE_LOOP('',(#2241,#2242,#2243));
#2241 = ORIENTED_EDGE('',*,*,#1893,.T.);
#2242 = ORIENTED_EDGE('',*,*,#1741,.T.);
#2243 = ORIENTED_EDGE('',*,*,#2244,.T.);
#2244 = EDGE_CURVE('',#1742,#1886,#2245,.T.);
#2245 = CIRCLE('',#2246,9.);
#2246 = AXIS2_PLACEMENT_3D('',#2247,#2248,#2249);
#2247 = CARTESIAN_POINT('',(39.5,26.25,30.));
#2248 = DIRECTION('',(0.,0.,1.));
#2249 = DIRECTION('',(1.,0.,0.));
#2250 = PLANE('',#2251);
#2251 = AXIS2_PLACEMENT_3D('',#2252,#2253,#2254);
#2252 = CARTESIAN_POINT('',(4.E-15,21.270050840253,30.));
#2253 = DIRECTION('',(0.,0.,1.));
#2254 = DIRECTION('',(1.,0.,0.));
#2255 = ADVANCED_FACE('',(#2256),#2268,.T.);
#2256 = FACE_BOUND('',#2257,.T.);
#2257 = EDGE_LOOP('',(#2258,#2265,#2266,#2267));
#2258 = ORIENTED_EDGE('',*,*,#2259,.F.);
#2259 = EDGE_CURVE('',#1750,#1878,#2260,.T.);
#2260 = CIRCLE('',#2261,9.);
#2261 = AXIS2_PLACEMENT_3D('',#2262,#2263,#2264);
#2262 = CARTESIAN_POINT('',(39.5,26.25,41.));
#2263 = DIRECTION('',(0.,0.,1.));
#2264 = DIRECTION('',(1.,0.,0.));
#2265 = ORIENTED_EDGE('',*,*,#1749,.T.);
#2266 = ORIENTED_EDGE('',*,*,#2244,.T.);
#2267 = ORIENTED_EDGE('',*,*,#1885,.F.);
#2268 = CYLINDRICAL_SURFACE('',#2269,9.);
#2269 = AXIS2_PLACEMENT_3D('',#2270,#2271,#2272);
#2270 = CARTESIAN_POINT('',(39.5,26.25,45.));
#2271 = DIRECTION('',(0.,0.,1.));
#2272 = DIRECTION('',(1.,0.,0.));
#2273 = ADVANCED_FACE('',(#2274,#2279),#2290,.T.);
#2274 = FACE_BOUND('',#2275,.T.);
#2275 = EDGE_LOOP('',(#2276,#2277,#2278));
#2276 = ORIENTED_EDGE('',*,*,#1877,.T.);
#2277 = ORIENTED_EDGE('',*,*,#1757,.T.);
#2278 = ORIENTED_EDGE('',*,*,#2259,.T.);
#2279 = FACE_BOUND('',#2280,.T.);
#2280 = EDGE_LOOP('',(#2281));
#2281 = ORIENTED_EDGE('',*,*,#2282,.F.);
#2282 = EDGE_CURVE('',#2283,#2283,#2285,.T.);
#2283 = VERTEX_POINT('',#2284);
#2284 = CARTESIAN_POINT('',(37.2,21.83,41.));
#2285 = CIRCLE('',#2286,1.9);
#2286 = AXIS2_PLACEMENT_3D('',#2287,#2288,#2289);
#2287 = CARTESIAN_POINT('',(35.3,21.83,41.));
#2288 = DIRECTION('',(0.,0.,1.));
#2289 = DIRECTION('',(1.,0.,0.));
#2290 = PLANE('',#2291);
#2291 = AXIS2_PLACEMENT_3D('',#2292,#2293,#2294);
#2292 = CARTESIAN_POINT('',(2.455E-14,21.270050840253,41.));
#2293 = DIRECTION('',(0.,0.,1.));
#2294 = DIRECTION('',(1.,0.,0.));
#2295 = ADVANCED_FACE('',(#2296,#2307),#2318,.T.);
#2296 = FACE_BOUND('',#2297,.T.);
#2297 = EDGE_LOOP('',(#2298,#2299,#2300));
#2298 = ORIENTED_EDGE('',*,*,#1780,.T.);
#2299 = ORIENTED_EDGE('',*,*,#1950,.T.);
#2300 = ORIENTED_EDGE('',*,*,#2301,.T.);
#2301 = EDGE_CURVE('',#1943,#1781,#2302,.T.);
#2302 = CIRCLE('',#2303,9.);
#2303 = AXIS2_PLACEMENT_3D('',#2304,#2305,#2306);
#2304 = CARTESIAN_POINT('',(-39.5,26.25,41.));
#2305 = DIRECTION('',(0.,0.,1.));
#2306 = DIRECTION('',(1.,0.,0.));
#2307 = FACE_BOUND('',#2308,.T.);
#2308 = EDGE_LOOP('',(#2309));
#2309 = ORIENTED_EDGE('',*,*,#2310,.F.);
#2310 = EDGE_CURVE('',#2311,#2311,#2313,.T.);
#2311 = VERTEX_POINT('',#2312);
#2312 = CARTESIAN_POINT('',(-33.18,21.83,41.));
#2313 = CIRCLE('',#2314,1.9);
#2314 = AXIS2_PLACEMENT_3D('',#2315,#2316,#2317);
#2315 = CARTESIAN_POINT('',(-35.08,21.83,41.));
#2316 = DIRECTION('',(0.,0.,1.));
#2317 = DIRECTION('',(1.,0.,0.));
#2318 = PLANE('',#2319);
#2319 = AXIS2_PLACEMENT_3D('',#2320,#2321,#2322);
#2320 = CARTESIAN_POINT('',(2.455E-14,21.270050840253,41.));
#2321 = DIRECTION('',(0.,0.,1.));
#2322 = DIRECTION('',(1.,0.,0.));
#2323 = ADVANCED_FACE('',(#2324),#2336,.T.);
#2324 = FACE_BOUND('',#2325,.T.);
#2325 = EDGE_LOOP('',(#2326,#2327,#2328,#2335));
#2326 = ORIENTED_EDGE('',*,*,#2301,.F.);
#2327 = ORIENTED_EDGE('',*,*,#1942,.T.);
#2328 = ORIENTED_EDGE('',*,*,#2329,.T.);
#2329 = EDGE_CURVE('',#1935,#1789,#2330,.T.);
#2330 = CIRCLE('',#2331,9.);
#2331 = AXIS2_PLACEMENT_3D('',#2332,#2333,#2334);
#2332 = CARTESIAN_POINT('',(-39.5,26.25,30.));
#2333 = DIRECTION('',(0.,0.,1.));
#2334 = DIRECTION('',(1.,0.,0.));
#2335 = ORIENTED_EDGE('',*,*,#1788,.F.);
#2336 = CYLINDRICAL_SURFACE('',#2337,9.);
#2337 = AXIS2_PLACEMENT_3D('',#2338,#2339,#2340);
#2338 = CARTESIAN_POINT('',(-39.5,26.25,45.));
#2339 = DIRECTION('',(0.,0.,1.));
#2340 = DIRECTION('',(1.,0.,0.));
#2341 = ADVANCED_FACE('',(#2342),#2347,.F.);
#2342 = FACE_BOUND('',#2343,.F.);
#2343 = EDGE_LOOP('',(#2344,#2345,#2346));
#2344 = ORIENTED_EDGE('',*,*,#1796,.T.);
#2345 = ORIENTED_EDGE('',*,*,#1934,.T.);
#2346 = ORIENTED_EDGE('',*,*,#2329,.T.);
#2347 = PLANE('',#2348);
#2348 = AXIS2_PLACEMENT_3D('',#2349,#2350,#2351);
#2349 = CARTESIAN_POINT('',(4.E-15,21.270050840253,30.));
#2350 = DIRECTION('',(0.,0.,1.));
#2351 = DIRECTION('',(1.,0.,0.));
#2352 = ADVANCED_FACE('',(#2353),#2365,.F.);
#2353 = FACE_BOUND('',#2354,.T.);
#2354 = EDGE_LOOP('',(#2355,#2356,#2364));
#2355 = ORIENTED_EDGE('',*,*,#1992,.T.);
#2356 = ORIENTED_EDGE('',*,*,#2357,.T.);
#2357 = EDGE_CURVE('',#1983,#2358,#2360,.T.);
#2358 = VERTEX_POINT('',#2359);
#2359 = CARTESIAN_POINT('',(-43.,25.25,27.858364823848));
#2360 = LINE('',#2361,#2362);
#2361 = CARTESIAN_POINT('',(-41.1,25.25,29.));
#2362 = VECTOR('',#2363,1.);
#2363 = DIRECTION('',(-0.857167300702,-0.,-0.51503807491));
#2364 = ORIENTED_EDGE('',*,*,#2357,.F.);
#2365 = CONICAL_SURFACE('',#2366,1.9,1.029744258677);
#2366 = AXIS2_PLACEMENT_3D('',#2367,#2368,#2369);
#2367 = CARTESIAN_POINT('',(-43.,25.25,29.));
#2368 = DIRECTION('',(0.,0.,1.));
#2369 = DIRECTION('',(1.,0.,0.));
#2370 = ADVANCED_FACE('',(#2371),#2383,.F.);
#2371 = FACE_BOUND('',#2372,.T.);
#2372 = EDGE_LOOP('',(#2373,#2374,#2382));
#2373 = ORIENTED_EDGE('',*,*,#2017,.T.);
#2374 = ORIENTED_EDGE('',*,*,#2375,.T.);
#2375 = EDGE_CURVE('',#2008,#2376,#2378,.T.);
#2376 = VERTEX_POINT('',#2377);
#2377 = CARTESIAN_POINT('',(43.,25.25,27.858364823848));
#2378 = LINE('',#2379,#2380);
#2379 = CARTESIAN_POINT('',(44.9,25.25,29.));
#2380 = VECTOR('',#2381,1.);
#2381 = DIRECTION('',(-0.857167300702,-0.,-0.51503807491));
#2382 = ORIENTED_EDGE('',*,*,#2375,.F.);
#2383 = CONICAL_SURFACE('',#2384,1.9,1.029744258677);
#2384 = AXIS2_PLACEMENT_3D('',#2385,#2386,#2387);
#2385 = CARTESIAN_POINT('',(43.,25.25,29.));
#2386 = DIRECTION('',(0.,0.,1.));
#2387 = DIRECTION('',(1.,0.,0.));
#2388 = ADVANCED_FACE('',(#2389),#2408,.F.);
#2389 = FACE_BOUND('',#2390,.T.);
#2390 = EDGE_LOOP('',(#2391,#2399,#2400,#2401));
#2391 = ORIENTED_EDGE('',*,*,#2392,.F.);
#2392 = EDGE_CURVE('',#2100,#2393,#2395,.T.);
#2393 = VERTEX_POINT('',#2394);
#2394 = CARTESIAN_POINT('',(-33.18,-21.47,32.5));
#2395 = LINE('',#2396,#2397);
#2396 = CARTESIAN_POINT('',(-33.18,-21.47,41.));
#2397 = VECTOR('',#2398,1.);
#2398 = DIRECTION('',(-5.E-17,0.,-1.));
#2399 = ORIENTED_EDGE('',*,*,#2099,.T.);
#2400 = ORIENTED_EDGE('',*,*,#2392,.T.);
#2401 = ORIENTED_EDGE('',*,*,#2402,.F.);
#2402 = EDGE_CURVE('',#2393,#2393,#2403,.T.);
#2403 = CIRCLE('',#2404,1.9);
#2404 = AXIS2_PLACEMENT_3D('',#2405,#2406,#2407);
#2405 = CARTESIAN_POINT('',(-35.08,-21.47,32.5));
#2406 = DIRECTION('',(0.,0.,1.));
#2407 = DIRECTION('',(1.,0.,0.));
#2408 = CYLINDRICAL_SURFACE('',#2409,1.9);
#2409 = AXIS2_PLACEMENT_3D('',#2410,#2411,#2412);
#2410 = CARTESIAN_POINT('',(-35.08,-21.47,41.));
#2411 = DIRECTION('',(-0.,-0.,-1.));
#2412 = DIRECTION('',(1.,0.,0.));
#2413 = ADVANCED_FACE('',(#2414),#2433,.F.);
#2414 = FACE_BOUND('',#2415,.T.);
#2415 = EDGE_LOOP('',(#2416,#2424,#2425,#2426));
#2416 = ORIENTED_EDGE('',*,*,#2417,.F.);
#2417 = EDGE_CURVE('',#2122,#2418,#2420,.T.);
#2418 = VERTEX_POINT('',#2419);
#2419 = CARTESIAN_POINT('',(37.22,-21.5,32.5));
#2420 = LINE('',#2421,#2422);
#2421 = CARTESIAN_POINT('',(37.22,-21.5,41.));
#2422 = VECTOR('',#2423,1.);
#2423 = DIRECTION('',(-5.E-17,0.,-1.));
#2424 = ORIENTED_EDGE('',*,*,#2121,.T.);
#2425 = ORIENTED_EDGE('',*,*,#2417,.T.);
#2426 = ORIENTED_EDGE('',*,*,#2427,.F.);
#2427 = EDGE_CURVE('',#2418,#2418,#2428,.T.);
#2428 = CIRCLE('',#2429,1.9);
#2429 = AXIS2_PLACEMENT_3D('',#2430,#2431,#2432);
#2430 = CARTESIAN_POINT('',(35.32,-21.5,32.5));
#2431 = DIRECTION('',(0.,0.,1.));
#2432 = DIRECTION('',(1.,0.,0.));
#2433 = CYLINDRICAL_SURFACE('',#2434,1.9);
#2434 = AXIS2_PLACEMENT_3D('',#2435,#2436,#2437);
#2435 = CARTESIAN_POINT('',(35.32,-21.5,41.));
#2436 = DIRECTION('',(-0.,-0.,-1.));
#2437 = DIRECTION('',(1.,0.,0.));
#2438 = ADVANCED_FACE('',(#2439),#2458,.F.);
#2439 = FACE_BOUND('',#2440,.T.);
#2440 = EDGE_LOOP('',(#2441,#2449,#2450,#2451));
#2441 = ORIENTED_EDGE('',*,*,#2442,.F.);
#2442 = EDGE_CURVE('',#2283,#2443,#2445,.T.);
#2443 = VERTEX_POINT('',#2444);
#2444 = CARTESIAN_POINT('',(37.2,21.83,32.5));
#2445 = LINE('',#2446,#2447);
#2446 = CARTESIAN_POINT('',(37.2,21.83,41.));
#2447 = VECTOR('',#2448,1.);
#2448 = DIRECTION('',(-5.E-17,0.,-1.));
#2449 = ORIENTED_EDGE('',*,*,#2282,.T.);
#2450 = ORIENTED_EDGE('',*,*,#2442,.T.);
#2451 = ORIENTED_EDGE('',*,*,#2452,.F.);
#2452 = EDGE_CURVE('',#2443,#2443,#2453,.T.);
#2453 = CIRCLE('',#2454,1.9);
#2454 = AXIS2_PLACEMENT_3D('',#2455,#2456,#2457);
#2455 = CARTESIAN_POINT('',(35.3,21.83,32.5));
#2456 = DIRECTION('',(0.,0.,1.));
#2457 = DIRECTION('',(1.,0.,0.));
#2458 = CYLINDRICAL_SURFACE('',#2459,1.9);
#2459 = AXIS2_PLACEMENT_3D('',#2460,#2461,#2462);
#2460 = CARTESIAN_POINT('',(35.3,21.83,41.));
#2461 = DIRECTION('',(-0.,-0.,-1.));
#2462 = DIRECTION('',(1.,0.,0.));
#2463 = ADVANCED_FACE('',(#2464),#2483,.F.);
#2464 = FACE_BOUND('',#2465,.T.);
#2465 = EDGE_LOOP('',(#2466,#2474,#2475,#2476));
#2466 = ORIENTED_EDGE('',*,*,#2467,.F.);
#2467 = EDGE_CURVE('',#2311,#2468,#2470,.T.);
#2468 = VERTEX_POINT('',#2469);
#2469 = CARTESIAN_POINT('',(-33.18,21.83,32.5));
#2470 = LINE('',#2471,#2472);
#2471 = CARTESIAN_POINT('',(-33.18,21.83,41.));
#2472 = VECTOR('',#2473,1.);
#2473 = DIRECTION('',(-5.E-17,0.,-1.));
#2474 = ORIENTED_EDGE('',*,*,#2310,.T.);
#2475 = ORIENTED_EDGE('',*,*,#2467,.T.);
#2476 = ORIENTED_EDGE('',*,*,#2477,.F.);
#2477 = EDGE_CURVE('',#2468,#2468,#2478,.T.);
#2478 = CIRCLE('',#2479,1.9);
#2479 = AXIS2_PLACEMENT_3D('',#2480,#2481,#2482);
#2480 = CARTESIAN_POINT('',(-35.08,21.83,32.5));
#2481 = DIRECTION('',(0.,0.,1.));
#2482 = DIRECTION('',(1.,0.,0.));
#2483 = CYLINDRICAL_SURFACE('',#2484,1.9);
#2484 = AXIS2_PLACEMENT_3D('',#2485,#2486,#2487);
#2485 = CARTESIAN_POINT('',(-35.08,21.83,41.));
#2486 = DIRECTION('',(-0.,-0.,-1.));
#2487 = DIRECTION('',(1.,0.,0.));
#2488 = ADVANCED_FACE('',(#2489),#2501,.F.);
#2489 = FACE_BOUND('',#2490,.T.);
#2490 = EDGE_LOOP('',(#2491,#2492,#2500));
#2491 = ORIENTED_EDGE('',*,*,#2402,.T.);
#2492 = ORIENTED_EDGE('',*,*,#2493,.T.);
#2493 = EDGE_CURVE('',#2393,#2494,#2496,.T.);
#2494 = VERTEX_POINT('',#2495);
#2495 = CARTESIAN_POINT('',(-35.08,-21.47,31.358364823848));
#2496 = LINE('',#2497,#2498);
#2497 = CARTESIAN_POINT('',(-33.18,-21.47,32.5));
#2498 = VECTOR('',#2499,1.);
#2499 = DIRECTION('',(-0.857167300702,-0.,-0.51503807491));
#2500 = ORIENTED_EDGE('',*,*,#2493,.F.);
#2501 = CONICAL_SURFACE('',#2502,1.9,1.029744258677);
#2502 = AXIS2_PLACEMENT_3D('',#2503,#2504,#2505);
#2503 = CARTESIAN_POINT('',(-35.08,-21.47,32.5));
#2504 = DIRECTION('',(0.,0.,1.));
#2505 = DIRECTION('',(1.,0.,0.));
#2506 = ADVANCED_FACE('',(#2507),#2519,.F.);
#2507 = FACE_BOUND('',#2508,.T.);
#2508 = EDGE_LOOP('',(#2509,#2510,#2518));
#2509 = ORIENTED_EDGE('',*,*,#2427,.T.);
#2510 = ORIENTED_EDGE('',*,*,#2511,.T.);
#2511 = EDGE_CURVE('',#2418,#2512,#2514,.T.);
#2512 = VERTEX_POINT('',#2513);
#2513 = CARTESIAN_POINT('',(35.32,-21.5,31.358364823848));
#2514 = LINE('',#2515,#2516);
#2515 = CARTESIAN_POINT('',(37.22,-21.5,32.5));
#2516 = VECTOR('',#2517,1.);
#2517 = DIRECTION('',(-0.857167300702,-0.,-0.51503807491));
#2518 = ORIENTED_EDGE('',*,*,#2511,.F.);
#2519 = CONICAL_SURFACE('',#2520,1.9,1.029744258677);
#2520 = AXIS2_PLACEMENT_3D('',#2521,#2522,#2523);
#2521 = CARTESIAN_POINT('',(35.32,-21.5,32.5));
#2522 = DIRECTION('',(0.,0.,1.));
#2523 = DIRECTION('',(1.,0.,0.));
#2524 = ADVANCED_FACE('',(#2525),#2537,.F.);
#2525 = FACE_BOUND('',#2526,.T.);
#2526 = EDGE_LOOP('',(#2527,#2528,#2536));
#2527 = ORIENTED_EDGE('',*,*,#2452,.T.);
#2528 = ORIENTED_EDGE('',*,*,#2529,.T.);
#2529 = EDGE_CURVE('',#2443,#2530,#2532,.T.);
#2530 = VERTEX_POINT('',#2531);
#2531 = CARTESIAN_POINT('',(35.3,21.83,31.358364823848));
#2532 = LINE('',#2533,#2534);
#2533 = CARTESIAN_POINT('',(37.2,21.83,32.5));
#2534 = VECTOR('',#2535,1.);
#2535 = DIRECTION('',(-0.857167300702,-0.,-0.51503807491));
#2536 = ORIENTED_EDGE('',*,*,#2529,.F.);
#2537 = CONICAL_SURFACE('',#2538,1.9,1.029744258677);
#2538 = AXIS2_PLACEMENT_3D('',#2539,#2540,#2541);
#2539 = CARTESIAN_POINT('',(35.3,21.83,32.5));
#2540 = DIRECTION('',(0.,0.,1.));
#2541 = DIRECTION('',(1.,0.,0.));
#2542 = ADVANCED_FACE('',(#2543),#2555,.F.);
#2543 = FACE_BOUND('',#2544,.T.);
#2544 = EDGE_LOOP('',(#2545,#2546,#2554));
#2545 = ORIENTED_EDGE('',*,*,#2477,.T.);
#2546 = ORIENTED_EDGE('',*,*,#2547,.T.);
#2547 = EDGE_CURVE('',#2468,#2548,#2550,.T.);
#2548 = VERTEX_POINT('',#2549);
#2549 = CARTESIAN_POINT('',(-35.08,21.83,31.358364823848));
#2550 = LINE('',#2551,#2552);
#2551 = CARTESIAN_POINT('',(-33.18,21.83,32.5));
#2552 = VECTOR('',#2553,1.);
#2553 = DIRECTION('',(-0.857167300702,-0.,-0.51503807491));
#2554 = ORIENTED_EDGE('',*,*,#2547,.F.);
#2555 = CONICAL_SURFACE('',#2556,1.9,1.029744258677);
#2556 = AXIS2_PLACEMENT_3D('',#2557,#2558,#2559);
#2557 = CARTESIAN_POINT('',(-35.08,21.83,32.5));
#2558 = DIRECTION('',(0.,0.,1.));
#2559 = DIRECTION('',(1.,0.,0.));
#2560 = ( GEOMETRIC_REPRESENTATION_CONTEXT(3) 
GLOBAL_UNCERTAINTY_ASSIGNED_CONTEXT((#2564)) 
GLOBAL_UNIT_ASSIGNED_CONTEXT((#2561,#2562,#2563)) REPRESENTATION_CONTEXT
('Context #1','3D Context with UNIT and UNCERTAINTY') );
#2561 = ( LENGTH_UNIT() NAMED_UNIT(*) SI_UNIT(.MILLI.,.METRE.) );
#2562 = ( NAMED_UNIT(*) PLANE_ANGLE_UNIT() SI_UNIT($,.RADIAN.) );
#2563 = ( NAMED_UNIT(*) SI_UNIT($,.STERADIAN.) SOLID_ANGLE_UNIT() );
#2564 = UNCERTAINTY_MEASURE_WITH_UNIT(LENGTH_MEASURE(1.E-07),#2561,
  'distance_accuracy_value','confusion accuracy');
#2565 = CONTEXT_DEPENDENT_SHAPE_REPRESENTATION(#2566,#2568);
#2566 = ( REPRESENTATION_RELATIONSHIP('','',#677,#10) 
REPRESENTATION_RELATIONSHIP_WITH_TRANSFORMATION(#2567) 
SHAPE_REPRESENTATION_RELATIONSHIP() );
#2567 = ITEM_DEFINED_TRANSFORMATION('','',#11,#19);
#2568 = PRODUCT_DEFINITION_SHAPE('Placement','Placement of an item',
  #2569);
#2569 = NEXT_ASSEMBLY_USAGE_OCCURRENCE('2','Main','',#5,#672,$);
#2570 = PRODUCT_RELATED_PRODUCT_CATEGORY('part',$,(#674));
#2571 = MECHANICAL_DESIGN_GEOMETRIC_PRESENTATION_REPRESENTATION('',(
    #2572),#2560);
#2572 = STYLED_ITEM('color',(#2573),#678);
#2573 = PRESENTATION_STYLE_ASSIGNMENT((#2574,#2580));
#2574 = SURFACE_STYLE_USAGE(.BOTH.,#2575);
#2575 = SURFACE_SIDE_STYLE('',(#2576));
#2576 = SURFACE_STYLE_FILL_AREA(#2577);
#2577 = FILL_AREA_STYLE('',(#2578));
#2578 = FILL_AREA_STYLE_COLOUR('',#2579);
#2579 = COLOUR_RGB('',0.678431390124,0.709803936702,0.741176476869);
#2580 = CURVE_STYLE('',#2581,POSITIVE_LENGTH_MEASURE(0.1),#2582);
#2581 = DRAUGHTING_PRE_DEFINED_CURVE_FONT('continuous');
#2582 = COLOUR_RGB('',9.803921802644E-02,9.803921802644E-02,
  9.803921802644E-02);
#2583 = MECHANICAL_DESIGN_GEOMETRIC_PRESENTATION_REPRESENTATION('',(
    #2584),#659);
#2584 = STYLED_ITEM('color',(#2585),#37);
#2585 = PRESENTATION_STYLE_ASSIGNMENT((#2586,#2591));
#2586 = SURFACE_STYLE_USAGE(.BOTH.,#2587);
#2587 = SURFACE_SIDE_STYLE('',(#2588));
#2588 = SURFACE_STYLE_FILL_AREA(#2589);
#2589 = FILL_AREA_STYLE('',(#2590));
#2590 = FILL_AREA_STYLE_COLOUR('',#2579);
#2591 = CURVE_STYLE('',#2592,POSITIVE_LENGTH_MEASURE(0.1),#2582);
#2592 = DRAUGHTING_PRE_DEFINED_CURVE_FONT('continuous');
ENDSEC;
END-ISO-10303-21;
